Driver_ID,Driver_Name,City,Vehicle_Type,Rating,Experience_Years
D001,Raj Patel,Ahmedabad,Mini,4.5,3
D002,Amit Sharma,Delhi,Sedan,4.2,5
D003,Vikram Singh,Mumbai,SUV,4.8,6
D004,Karan Mehta,Bangalore,Mini,3.9,2
D005,Suresh Yadav,Pune,Sedan,4.1,4
D006,Imran Khan,Ahmedabad,SUV,4.7,7
D007,Rahul Verma,Delhi,Mini,3.5,1
D008,Ankit Jain,Mumbai,Sedan,4.6,5
D009,Deepak Nair,Bangalore,SUV,4.3,6
D010,Manish Gupta,Pune,Mini,4.0,3
D011,Arjun Desai,Ahmedabad,Sedan,4.9,8
D012,Nitin Rao,Delhi,SUV,3.8,2
D013,Harsh Shah,Mumbai,Mini,4.4,4
D014,Prakash Iyer,Bangalore,Sedan,4.2,5
D015,Ravi Kumar,Pune,SUV,4.6,6
D016,Jay Thakkar,Ahmedabad,Mini,3.7,2
D017,Sachin Das,Delhi,Sedan,4.5,5
D018,Varun Kapoor,Mumbai,SUV,4.1,3
D019,Tarun Joshi,Bangalore,Mini,4.3,4
D020,Faiz Ansari,Pune,Sedan,4.8,7
D021,Neeraj Singh,Ahmedabad,SUV,4.0,3
D022,Abhishek Roy,Delhi,Mini,3.6,2
D023,Sameer Kulkarni,Mumbai,Sedan,4.7,6
D024,Anand Pillai,Bangalore,SUV,4.2,5
D025,Chirag Modi,Pune,Mini,4.4,4