funding,team_experience,market_size,competition,business_model,years_operating,burn_rate,revenue_growth,debt_ratio,failure
1783249,2,4,5,1,4,0.91,0.447,1.373,1
5532185,5,5,5,1,1,0.445,1.138,1.892,0
893474,1,3,9,5,4,0.069,0.653,0.697,1
7739284,6,3,5,8,3,0.672,0.536,0.579,0
8239876,2,8,8,2,11,0.138,-0.279,1.593,1
3423975,9,6,5,3,5,0.405,1.391,0.819,0
3260494,2,4,1,8,1,0.918,1.219,1.132,1
8844097,7,7,9,3,6,0.09,1.185,0.42,0
9274251,4,6,8,9,1,0.12,1.156,0.095,0
1174326,8,7,4,8,3,0.415,1.185,1.544,1
2009275,2,1,9,9,12,0.548,1.375,0.991,0
2942020,5,3,3,8,1,0.361,0.142,1.747,1
6183952,1,4,6,9,12,0.195,0.112,0.548,1
8467932,4,9,4,5,7,0.505,0.727,1.128,0
3635448,8,5,5,2,13,0.461,0.034,0.32,1
4013385,5,5,6,9,9,0.702,-0.121,0.059,1
4913035,6,4,7,9,9,0.093,1.055,1.411,0
5633655,4,1,8,2,11,0.921,-0.019,1.085,1
4247114,9,9,7,9,2,0.654,0.205,0.817,0
8941198,2,3,5,7,8,0.063,0.128,1.395,0
3522101,1,6,7,6,7,0.211,1.34,1.479,1
3268148,3,3,1,4,7,0.054,0.803,0.942,1
6818713,2,4,7,1,7,0.394,0.247,1.822,1
3436645,2,4,2,9,10,0.94,-0.018,1.126,1
7320569,9,2,7,2,7,0.114,1.086,0.212,0
1353318,5,3,9,4,9,0.743,1.201,1.51,1
6198786,7,5,8,2,5,0.394,-0.074,1.364,1
1358603,7,5,9,1,7,0.907,-0.205,1.849,1
6522453,3,4,1,4,3,0.49,1.429,0.895,0
6204892,1,2,3,3,14,0.654,0.118,0.858,1
9820715,1,2,3,4,9,0.574,0.318,1.325,1
5455953,7,8,7,6,12,0.314,1.324,0.53,0
8988924,7,7,8,9,2,0.286,-0.041,0.125,0
452251,9,4,4,8,9,0.179,0.724,1.391,1
5304877,5,7,7,1,9,0.888,1.443,1.766,0
2922415,8,6,8,2,10,0.537,-0.12,1.976,1
3545793,8,5,4,9,13,0.894,0.193,1.451,1
937713,4,9,5,6,4,0.484,0.158,1.602,1
6291357,4,6,3,8,10,0.121,0.304,1.758,0
5400860,4,5,6,5,12,0.331,0.398,0.981,1
6231888,6,2,5,3,12,0.934,1.311,1.976,1
8730087,2,5,2,8,11,0.82,-0.156,0.504,0
5067099,4,8,6,2,13,0.48,-0.178,1.907,1
1627074,7,8,5,3,12,0.785,1.15,1.393,1
6093632,4,7,5,3,1,0.577,0.12,1.684,1
6038842,2,6,2,4,9,0.71,0.508,0.568,1
8647564,9,8,6,1,6,0.539,1.162,0.669,0
3170923,7,9,7,7,13,0.807,0.572,0.718,1
2707699,9,3,8,6,13,0.809,0.617,0.28,1
2641341,2,5,7,8,12,0.086,0.126,1.953,1
6062957,1,4,3,3,7,0.908,0.454,0.86,1
7254457,9,7,6,5,12,0.386,0.286,0.954,0
7965628,8,4,3,8,0,0.877,0.493,1.822,0
6733364,7,6,9,5,11,0.544,1.407,0.942,0
5501199,7,8,3,8,3,0.464,0.59,0.416,0
4008622,4,7,5,4,13,0.837,0.5,0.34,1
2651739,6,1,6,7,9,0.555,1.038,0.487,0
9600692,1,8,8,1,4,0.707,1.205,1.857,0
4109177,5,7,1,8,9,0.378,0.036,0.034,1
5210791,6,8,5,3,2,0.243,0.385,0.825,0
7750446,2,5,1,2,8,0.304,1.179,0.598,0
9341579,7,6,7,7,5,0.821,0.897,1.5,0
9763962,6,4,5,8,14,0.135,1.224,1.859,0
463861,2,9,9,2,13,0.616,-0.008,0.562,1
3352560,5,4,3,5,0,0.242,0.771,0.295,0
5973757,9,1,3,3,7,0.15,0.335,1.769,0
4124821,8,9,7,5,7,0.11,0.186,0.818,0
5484285,9,5,3,8,5,0.182,1.18,0.925,0
725239,5,5,9,2,11,0.189,1.261,0.791,1
3421831,7,5,1,5,14,0.5,1.114,1.723,1
455688,7,4,7,1,9,0.532,1.35,1.244,1
9494728,5,2,6,2,10,0.858,0.335,1.195,0
8801792,9,5,1,1,3,0.478,0.16,0.403,0
6300830,7,3,7,5,2,0.683,1.299,0.961,0
8253035,1,4,8,5,5,0.545,1.237,0.732,0
1679504,7,6,4,7,13,0.608,1.346,1.247,0
6111646,4,8,3,2,6,0.606,-0.289,0.924,1
3377337,2,9,5,1,7,0.82,0.336,1.768,1
2814090,2,1,8,6,3,0.89,1.223,1.336,1
5541616,2,6,4,8,3,0.345,-0.015,1.896,1
2746849,1,6,9,8,3,0.278,1.458,0.682,1
2343773,2,9,8,9,4,0.282,0.391,0.31,1
7212096,5,5,7,3,8,0.182,1.264,1.695,0
9449991,7,7,9,5,3,0.461,0.888,0.965,0
9553257,4,2,5,3,4,0.79,0.657,0.769,1
3879130,5,9,1,8,10,0.938,0.711,0.906,0
8211439,8,4,5,1,13,0.75,1.233,1.648,0
356074,8,9,5,2,7,0.939,0.531,0.6,1
4967751,1,2,9,9,13,0.669,0.46,0.911,1
2621798,3,7,8,7,7,0.752,0.133,1.664,1
9854426,1,8,2,4,0,0.711,1.061,0.706,0
6358460,5,8,1,1,11,0.657,0.69,0.44,0
3244209,7,4,5,1,3,0.397,0.871,0.592,0
8016962,5,8,4,7,8,0.564,0.961,0.446,0
2994038,7,4,9,5,8,0.662,1.355,1.452,1
5314120,8,6,2,9,5,0.601,1.14,0.381,0
4725773,7,1,7,6,2,0.813,0.281,0.204,1
8226894,7,5,3,2,7,0.695,0.716,1.645,0
9566162,8,6,7,5,2,0.797,0.464,0.881,0
8658807,8,8,7,8,11,0.679,0.25,0.65,0
5380658,3,9,3,5,14,0.592,0.803,1.624,0
6271981,3,3,2,3,6,0.382,0.594,0.776,0
3361434,4,8,9,7,14,0.168,0.07,0.274,1
1017898,6,1,3,8,2,0.126,0.289,1.106,1
476401,2,8,1,6,13,0.875,0.471,1.948,1
2224910,1,4,9,7,1,0.147,0.667,1.664,1
5501407,8,2,7,4,14,0.589,1.418,0.622,0
4048847,9,3,6,2,14,0.187,0.905,1.202,0
9133002,3,8,5,4,10,0.432,0.993,0.421,0
6877206,1,9,5,6,5,0.146,0.914,1.521,1
5009047,1,2,8,2,12,0.292,0.653,1.207,1
960388,4,3,4,8,11,0.768,0.524,0.139,1
3824356,3,5,9,7,9,0.735,1.343,1.969,1
9826985,7,6,8,8,11,0.414,-0.294,0.229,0
7255218,8,4,1,6,13,0.159,0.552,0.652,0
9452169,7,6,3,2,7,0.505,1.429,0.609,0
9096533,6,5,2,2,6,0.762,0.865,1.306,0
2403857,5,8,1,2,13,0.912,0.761,1.572,1
3029861,8,9,2,4,7,0.255,0.198,1.053,1
6682546,7,3,9,5,10,0.442,-0.038,0.319,0
8471820,4,1,3,5,8,0.755,0.025,1.428,0
6789584,4,7,7,6,13,0.455,1.403,0.946,0
5238678,4,6,8,5,13,0.747,0.155,1.938,1
5864167,8,9,7,1,13,0.682,1.181,0.694,0
5471330,2,6,5,2,7,0.474,0.832,0.414,1
7601240,6,6,1,2,2,0.568,0.811,0.813,0
8670932,1,6,2,4,7,0.579,1.293,1.27,0
1439682,4,1,8,8,0,0.819,0.85,0.281,1
6236925,3,4,7,6,12,0.273,1.131,1.469,0
3788831,9,1,4,3,6,0.498,0.898,1.737,1
2525744,2,8,3,4,10,0.052,0.19,1.452,1
1638225,2,6,7,3,2,0.057,0.116,0.646,1
4176359,9,4,3,2,1,0.284,1.336,0.794,0
1603232,8,2,9,7,4,0.677,0.847,1.046,1
3535525,4,1,3,8,11,0.743,1.424,0.562,0
7238619,7,3,3,5,2,0.84,0.514,0.192,0
9762565,6,6,3,2,1,0.65,0.871,1.671,0
808046,4,4,2,4,2,0.239,1.144,1.513,1
8775665,4,2,9,1,4,0.087,0.172,0.275,1
9514266,9,6,2,7,0,0.45,0.354,0.295,0
5666381,3,9,7,1,8,0.607,0.208,1.212,1
1080175,1,3,5,6,0,0.129,0.592,0.915,1
4443373,7,8,4,2,2,0.158,0.775,0.767,0
8851098,1,3,1,4,11,0.121,0.517,0.078,0
3148384,1,2,8,1,8,0.785,0.025,0.176,1
3361927,9,6,4,6,12,0.838,1.353,0.211,0
5926992,7,7,7,2,10,0.648,-0.103,0.929,1
7377047,3,2,4,4,4,0.074,1.16,0.992,0
3635456,4,2,9,7,8,0.168,-0.11,1.135,1
4003001,1,5,7,9,10,0.921,0.712,1.273,1
6819614,6,2,8,2,12,0.354,-0.01,1.391,1
4757736,5,1,5,3,7,0.542,0.177,0.559,1
5319010,7,7,4,4,12,0.248,-0.161,0.703,0
5915402,8,8,9,9,14,0.441,0.89,1.569,0
9524798,9,2,5,9,7,0.475,0.177,0.8,0
7414161,9,8,3,3,1,0.422,0.213,0.313,0
8945116,2,6,1,6,5,0.584,0.722,0.806,0
2500904,5,9,2,9,9,0.395,0.491,0.123,1
5286216,4,1,8,5,4,0.741,1.136,1.055,1
7007151,3,6,3,8,0,0.182,1.406,0.811,0
4081397,3,5,5,7,14,0.782,1.013,1.044,1
2307554,3,4,1,4,10,0.372,1.406,0.08,0
9679762,3,3,2,5,11,0.26,0.668,1.283,0
5227587,3,3,8,1,2,0.674,-0.27,1.68,1
5601262,4,2,8,9,13,0.865,0.031,1.96,0
6195846,5,1,8,8,3,0.451,1.091,1.917,0
8038514,5,4,6,6,8,0.778,1.171,0.829,0
6119381,5,6,9,3,8,0.866,1.114,0.029,0
1122001,2,6,2,7,12,0.612,1.108,0.896,1
1112373,2,3,6,7,2,0.246,1.093,1.424,1
9408748,6,5,6,3,8,0.857,0.884,1.299,0
998422,2,7,2,3,10,0.239,1.106,1.294,1
2427349,1,9,2,9,3,0.899,0.563,1.507,1
1677076,3,7,6,1,6,0.448,0.697,1.59,1
9090122,2,6,1,7,3,0.237,0.638,1.217,0
5336442,9,1,8,3,3,0.09,0.746,0.484,0
602221,1,9,6,5,12,0.435,1.182,0.769,1
1130851,4,6,7,7,1,0.556,1.226,1.977,1
5325149,2,1,2,4,9,0.493,-0.218,0.672,1
8397669,2,7,5,9,14,0.873,0.472,1.835,0
6178042,9,3,2,7,11,0.385,0.723,0.96,0
9465829,5,8,5,4,14,0.089,1.378,1.336,0
8983222,3,6,1,4,11,0.485,1.171,0.845,0
745271,2,7,7,7,8,0.711,0.952,0.281,1
6129065,7,9,9,2,8,0.55,0.667,1.31,1
5086769,5,3,6,6,13,0.714,0.682,1.316,0
1768696,8,2,1,1,0,0.604,0.841,0.942,1
5033876,1,2,3,8,8,0.859,0.98,0.308,0
459126,3,5,6,4,13,0.427,0.871,0.541,1
769873,3,3,4,8,12,0.317,0.735,1.317,1
1818976,8,7,1,8,14,0.148,1.066,0.051,0
481744,6,5,2,6,4,0.71,-0.13,0.646,1
4466955,5,4,2,7,13,0.352,0.447,0.411,0
5453841,2,1,8,6,9,0.917,1.386,1.133,1
6143123,8,1,5,5,1,0.747,0.053,1.419,1
9343125,7,8,1,5,4,0.884,0.217,0.269,0
733209,4,3,5,9,1,0.39,0.706,0.624,1
6914993,4,1,8,6,2,0.329,-0.094,0.551,1
4650823,8,5,9,3,2,0.789,0.225,1.727,1
6973505,8,9,9,3,2,0.603,1.39,1.667,0
2861960,1,8,7,4,7,0.084,0.308,1.071,1
5745208,8,3,3,8,12,0.719,-0.158,0.422,0
2159610,8,7,8,5,5,0.113,0.164,1.981,1
1934652,2,9,9,4,5,0.785,0.722,1.54,1
6613021,4,2,1,9,9,0.087,0.561,1.894,0
4311978,5,7,9,2,2,0.849,1.45,0.17,1
5514524,6,4,5,5,3,0.456,0.818,0.319,0
4619710,2,7,3,6,2,0.583,0.02,0.371,1
3196317,7,3,2,2,4,0.482,1.065,1.508,1
9250411,6,4,3,6,5,0.538,1.129,0.78,0
685025,3,7,3,7,7,0.425,1.202,0.14,0
7738438,7,9,6,7,0,0.469,0.063,1.879,0
3492288,7,5,7,4,8,0.733,-0.177,0.025,1
3987390,7,5,8,7,9,0.254,0.899,1.975,0
2055707,5,8,1,9,8,0.343,0.684,1.804,1
280691,4,7,1,5,2,0.184,1.122,1.643,1
1535736,8,9,2,3,7,0.713,0.928,1.788,0
5572508,3,1,9,8,5,0.444,0.289,1.019,1
2379449,4,4,8,1,12,0.109,0.901,0.462,1
9447116,7,1,3,3,3,0.514,1.37,0.389,0
1682415,4,9,6,9,4,0.806,0.4,0.334,1
1865397,5,8,6,8,11,0.261,1.008,1.274,1
7925494,2,6,5,4,4,0.72,0.299,1.372,1
2918757,6,8,8,1,2,0.502,1.116,0.702,0
7000726,5,3,2,1,2,0.206,1.239,0.748,0
396867,2,8,8,4,12,0.584,0.807,0.446,1
5814539,9,3,9,3,2,0.659,1.138,1.669,0
3142338,8,4,7,1,8,0.172,1.031,1.494,1
6778643,6,3,4,3,2,0.61,0.439,1.15,0
2681105,4,2,6,4,9,0.653,0.923,1.0,1
6285266,5,3,2,6,10,0.78,0.882,1.109,0
4031636,3,1,4,9,6,0.789,-0.279,0.928,1
8232700,8,4,9,8,3,0.605,0.47,1.504,0
5207687,6,1,2,7,8,0.592,0.507,1.58,1
5050679,4,6,2,6,4,0.912,0.027,0.83,1
1549439,7,7,5,9,2,0.341,-0.169,1.355,1
50989,6,8,5,3,12,0.149,0.999,0.209,1
4611382,2,5,3,9,2,0.179,1.454,1.676,0
552051,4,4,6,3,12,0.531,1.036,0.472,1
9033033,4,9,7,4,5,0.559,0.85,0.437,0
7466240,9,8,1,4,1,0.939,0.284,1.66,0
7314586,7,1,5,8,6,0.862,1.131,0.859,0
4852536,6,4,6,5,5,0.61,0.33,0.112,0
5323140,8,2,4,1,10,0.475,-0.044,1.579,1
7442134,2,7,4,2,3,0.239,-0.194,0.459,1
604459,8,9,2,8,5,0.306,-0.294,0.372,1
2223179,8,1,2,7,4,0.292,0.361,0.948,1
6169974,3,2,3,5,11,0.291,1.446,1.937,0
1756050,1,4,6,1,2,0.837,-0.048,0.037,1
1621879,2,3,3,4,7,0.657,1.083,1.567,1
6188236,1,1,5,7,4,0.248,-0.257,0.536,1
7639983,9,9,4,5,7,0.574,0.104,0.772,0
7314065,4,4,4,6,5,0.537,1.135,1.079,0
5212249,3,2,2,9,9,0.188,-0.153,0.199,1
5824927,9,9,3,8,14,0.591,0.229,1.977,0
7874568,4,1,3,7,6,0.483,1.22,0.92,0
3934090,2,3,7,1,14,0.473,0.933,0.117,1
6721483,7,7,7,2,11,0.451,1.318,0.646,0
7112319,1,7,5,3,9,0.42,-0.183,1.079,1
901748,8,1,8,9,0,0.629,-0.144,1.027,1
974831,3,8,2,5,11,0.393,-0.154,1.983,1
303451,9,9,5,6,2,0.348,-0.153,0.228,1
9638676,3,9,3,5,0,0.356,-0.212,1.179,0
9040479,3,8,4,6,3,0.143,0.717,0.996,0
1076558,9,8,5,6,9,0.72,-0.118,1.16,1
2994746,4,5,4,9,3,0.107,1.112,0.351,1
2545852,7,8,6,3,12,0.563,0.905,0.117,0
9693290,5,7,7,4,5,0.226,0.339,1.918,0
135688,5,8,9,8,3,0.147,1.095,0.712,0
8021838,2,8,4,3,6,0.451,0.968,1.477,0
5935092,6,7,4,4,10,0.927,0.892,1.404,0
7130684,7,7,8,2,10,0.299,0.818,0.099,0
3242222,9,1,5,9,0,0.443,1.451,0.391,0
3890772,3,6,9,9,14,0.887,1.268,1.213,1
8567925,2,3,1,7,9,0.096,0.509,1.371,0
9059142,3,1,1,7,13,0.594,1.288,0.284,0
8332582,1,5,5,1,3,0.278,0.163,1.141,0
9014120,5,7,4,6,0,0.897,0.322,1.583,0
2440491,8,7,3,4,13,0.248,0.517,0.951,0
9751921,7,6,3,1,1,0.548,0.731,1.193,0
4784108,4,3,5,1,13,0.427,1.438,0.195,0
2338981,3,7,7,4,1,0.694,-0.049,0.165,1
1325972,2,7,9,2,9,0.147,-0.113,0.652,1
6423669,6,1,9,8,12,0.74,0.572,0.625,0
6984504,9,6,7,4,11,0.877,-0.039,1.509,0
2260346,5,4,9,8,12,0.77,0.591,1.816,1
4262744,2,1,6,1,13,0.3,0.607,1.719,1
3207690,4,9,4,4,12,0.146,0.726,0.042,0
2896702,5,4,7,4,0,0.742,1.371,1.969,1
1591857,8,4,4,7,9,0.76,0.81,1.068,1
4753157,6,8,6,3,5,0.335,1.141,0.447,0
1259204,8,2,3,6,4,0.484,1.231,0.869,0
3576592,9,6,5,6,14,0.66,0.825,1.253,0
2993551,4,6,6,6,10,0.729,0.399,1.017,1
6111101,5,9,9,1,7,0.742,0.803,1.859,0
939677,4,8,8,5,0,0.608,0.651,0.936,1
6960346,2,9,5,9,3,0.589,1.201,0.801,0
8096587,5,3,3,3,12,0.258,0.544,1.293,0
4144483,2,1,1,4,4,0.845,-0.29,0.145,1
6929824,7,7,8,4,8,0.414,0.902,0.909,0
5727890,6,3,3,9,12,0.867,-0.149,0.387,1
6388652,8,4,9,9,8,0.593,0.705,1.995,0
6744021,2,1,6,4,13,0.489,0.909,0.913,0
622666,7,9,8,9,3,0.311,0.209,1.897,1
5706058,7,9,4,5,2,0.161,1.35,1.806,0
6710216,5,5,6,2,1,0.089,-0.254,1.916,0
1566302,5,1,7,9,8,0.577,0.216,1.751,1
641851,2,9,3,5,6,0.058,0.406,0.178,1
1125514,7,5,1,4,0,0.897,1.137,0.602,0
2520530,7,5,6,1,13,0.61,-0.24,0.55,1
3703967,9,6,9,6,3,0.309,0.272,1.492,0
6465850,8,5,4,5,11,0.287,-0.242,1.612,0
9097734,9,7,7,4,0,0.507,0.423,0.963,0
388477,2,1,2,9,10,0.676,0.21,0.825,1
1325448,9,9,5,2,10,0.331,0.028,0.74,1
3314456,2,2,6,2,13,0.508,0.718,0.088,1
3702185,1,6,1,2,8,0.091,-0.245,1.951,1
5770474,3,1,4,7,9,0.749,1.148,1.792,0
2243455,7,3,9,2,9,0.146,0.537,1.67,1
7090584,7,8,8,5,12,0.81,1.373,0.666,0
6168108,9,5,7,2,8,0.288,-0.298,0.983,1
2647979,1,3,9,7,7,0.457,0.636,0.411,1
1604591,3,4,8,8,6,0.243,-0.113,0.53,1
6569186,3,8,8,2,11,0.077,1.416,1.737,0
6559297,5,2,7,3,11,0.706,1.146,1.957,1
9728996,5,9,8,1,1,0.69,0.628,0.203,0
7193051,3,5,7,3,0,0.149,0.833,1.851,1
246282,1,3,6,1,2,0.68,1.304,1.829,1
816863,6,1,3,2,8,0.685,0.331,1.916,1
1945151,8,8,5,9,2,0.224,1.474,0.549,0
7906995,8,7,8,8,2,0.28,0.23,0.365,0
7503789,4,9,4,5,13,0.143,0.642,1.532,0
9180371,6,6,7,5,9,0.413,0.306,1.332,0
1688392,6,3,2,1,6,0.724,0.359,0.654,1
3626518,2,9,2,4,12,0.472,-0.131,1.385,1
3307564,4,8,6,6,6,0.456,0.12,1.336,1
9825851,8,5,4,3,13,0.635,0.71,0.371,0
5431025,8,9,7,5,10,0.84,1.008,1.898,0
8253683,4,7,5,4,11,0.917,1.408,0.053,0
3625615,1,7,7,6,7,0.614,0.325,0.5,1
9211162,8,2,5,1,0,0.11,1.408,1.864,0
2839140,8,3,3,8,5,0.151,-0.137,1.593,1
6688469,1,3,9,2,13,0.813,0.598,1.589,1
8187822,2,2,4,5,6,0.159,1.415,1.884,0
2329499,8,5,3,2,10,0.906,-0.101,1.516,1
158282,6,5,2,7,7,0.626,-0.103,0.856,1
586474,7,2,5,5,11,0.826,1.063,0.238,0
5825980,6,8,8,6,11,0.919,0.875,1.141,0
3639115,6,3,6,2,14,0.73,0.721,0.281,1
4495085,7,3,8,8,5,0.724,0.361,0.905,1
4549774,4,7,8,5,13,0.576,1.105,1.511,1
4242983,1,9,7,6,4,0.692,1.141,0.473,0
8153497,9,9,4,7,2,0.361,0.401,0.164,0
6641728,1,3,2,1,13,0.663,-0.245,1.463,1
5753276,2,1,9,3,7,0.125,-0.15,0.034,1
8345173,4,7,9,2,5,0.206,1.286,0.461,0
4398933,7,8,6,6,14,0.078,0.816,0.657,0
1829412,1,1,5,1,13,0.121,1.151,0.533,1
3567419,6,4,6,9,14,0.561,0.746,0.808,1
2051788,8,7,7,2,2,0.699,1.344,0.708,0
1629437,5,3,8,6,6,0.747,0.775,0.898,1
1579093,1,6,2,9,11,0.054,-0.094,1.253,1
7968635,7,7,9,5,3,0.276,1.096,1.59,0
4578735,8,5,2,4,11,0.212,0.415,1.578,0
2753395,5,7,9,4,9,0.117,0.061,1.217,1
2695418,7,1,7,2,2,0.348,1.051,1.474,1
1243688,5,9,2,2,11,0.49,1.266,1.272,0
124751,6,8,5,5,5,0.553,1.037,1.897,1
1101135,1,8,2,4,8,0.846,0.5,1.62,1
1888153,6,4,6,5,0,0.158,0.411,0.438,1
8777547,4,7,1,3,7,0.599,0.766,1.95,0
5676600,8,5,2,3,6,0.398,-0.067,0.258,1
2552024,9,4,7,7,0,0.544,-0.233,0.818,1
744828,1,4,9,7,8,0.067,1.428,0.645,1
6877776,5,1,8,1,6,0.108,1.241,1.213,1
6206116,6,3,4,6,4,0.486,0.765,1.649,0
3933186,1,3,6,1,10,0.882,0.328,0.267,1
7552733,6,3,5,4,6,0.664,0.72,1.758,1
3265830,6,8,9,6,2,0.907,0.689,1.151,1
3168177,5,9,2,5,0,0.922,0.75,1.033,0
9636667,6,3,1,4,10,0.353,0.389,1.261,0
718834,7,5,6,2,10,0.785,0.828,0.006,1
7770908,8,2,2,8,4,0.059,1.089,1.42,0
2331681,2,2,3,4,14,0.253,1.327,0.871,1
3809778,1,7,6,3,9,0.362,0.66,1.796,1
8430610,6,3,5,4,9,0.932,-0.068,1.465,1
5706445,5,2,7,4,6,0.163,0.504,0.839,0
9130196,5,4,6,1,14,0.242,1.071,0.082,0
4029947,6,1,5,1,12,0.132,1.46,0.667,0
8278363,6,8,3,4,14,0.3,-0.299,0.035,0
464957,8,7,5,2,5,0.261,1.076,1.863,1
255811,1,8,2,6,9,0.462,0.027,0.559,1
6750189,8,4,1,1,6,0.474,0.337,0.772,0
6683843,4,4,8,3,1,0.614,1.156,0.108,0
6254774,4,6,9,5,3,0.137,-0.054,1.295,1
2601661,3,6,8,9,11,0.78,0.912,1.22,0
2718703,5,2,8,2,3,0.928,0.915,1.898,1
5748762,4,2,5,9,0,0.502,1.296,0.43,0
220875,6,2,9,6,6,0.548,1.383,1.611,1
6570089,6,9,8,1,12,0.906,1.085,0.051,0
2850684,8,5,5,7,8,0.523,0.685,1.622,1
2056378,3,9,8,6,8,0.115,0.297,1.916,1
394578,9,6,1,2,11,0.705,-0.053,0.567,1
9485278,5,3,9,7,1,0.623,1.142,1.37,0
2608519,3,7,1,3,10,0.461,0.818,1.423,1
1833612,3,1,8,8,14,0.243,1.224,0.238,1
3522020,8,5,6,9,13,0.135,0.141,1.047,0
4013207,7,6,6,8,4,0.477,-0.077,1.94,1
6936541,4,7,3,6,3,0.179,1.124,1.218,0
2627724,7,6,8,8,5,0.685,1.025,1.949,1
7886145,6,9,5,8,6,0.699,-0.009,0.375,0
2076661,4,9,7,1,2,0.896,-0.164,0.06,1
1172998,8,3,4,7,8,0.113,0.315,1.741,1
5244462,8,9,6,3,0,0.542,0.407,0.111,0
1097861,1,9,2,9,13,0.093,1.048,0.817,1
1682462,3,2,3,9,3,0.662,-0.12,1.727,1
2157475,9,5,5,2,13,0.05,0.186,1.322,0
4025253,6,8,8,5,1,0.439,0.92,1.643,0
7550812,2,7,2,1,2,0.642,1.28,1.916,0
7152629,3,9,5,3,6,0.814,1.454,1.421,0
5742344,7,1,1,2,9,0.563,1.437,1.73,0
6587893,1,4,5,3,12,0.299,0.47,1.083,1
6954217,2,3,2,8,1,0.459,0.031,1.882,1
8254020,3,5,7,5,12,0.689,0.831,0.136,0
5488685,3,9,9,4,14,0.058,0.362,1.098,0
8630237,8,1,3,3,2,0.554,-0.095,0.264,0
5882208,9,1,1,3,5,0.943,1.37,0.785,0
4177881,2,8,4,1,2,0.92,-0.189,0.207,1
9738373,7,5,6,3,4,0.337,0.514,1.338,0
4559756,4,9,4,8,12,0.708,0.151,0.313,0
1336684,8,3,1,8,5,0.302,1.173,0.896,0
1797821,3,7,9,4,1,0.153,1.399,0.653,0
678048,5,9,5,9,0,0.406,0.836,1.649,1
5280996,8,5,3,1,6,0.65,-0.237,0.099,1
2423449,7,5,1,2,1,0.607,1.45,1.244,1
7660864,5,8,7,9,9,0.742,1.176,1.884,0
4235314,3,2,6,8,13,0.207,1.062,0.21,0
536916,9,9,8,7,8,0.79,0.614,1.228,0
1709665,7,8,2,7,9,0.291,0.007,1.88,0
8183203,6,4,8,2,14,0.301,0.792,1.223,0
3407364,9,5,4,9,2,0.446,1.332,0.409,0
4100942,1,6,6,6,10,0.809,0.824,1.007,1
9531171,3,9,5,5,2,0.415,0.022,1.509,0
9846539,4,8,9,2,3,0.433,-0.012,1.26,0
1424910,8,7,7,5,9,0.921,1.137,1.592,1
5040865,9,2,1,6,6,0.466,0.601,0.641,0
3176089,1,8,4,6,5,0.563,0.813,1.862,1
898113,5,1,3,8,7,0.917,1.416,1.656,1
2223097,2,5,4,1,5,0.08,1.11,0.298,0
4801819,9,1,1,8,1,0.765,1.058,1.768,0
624648,7,7,7,9,1,0.726,1.207,1.124,1
1761054,6,5,2,1,9,0.188,0.411,1.351,1
7080247,9,1,1,2,9,0.715,1.357,0.747,0
6992837,2,7,9,8,2,0.22,0.03,0.291,0
5825449,6,9,2,1,3,0.584,-0.24,0.091,0
1359127,1,6,3,2,1,0.806,0.903,0.24,1
7664535,2,7,1,5,1,0.505,-0.022,1.994,1
8418942,4,6,2,7,2,0.089,1.279,0.693,0
7028982,4,3,5,6,0,0.563,0.643,1.745,1
6673381,2,4,1,4,13,0.084,-0.162,0.518,1
9020750,8,3,2,2,6,0.841,-0.239,1.617,1
9161275,3,8,3,1,3,0.264,0.148,0.494,0
8524926,3,7,8,7,2,0.568,0.151,1.789,0
7825463,1,6,6,3,5,0.769,1.274,0.346,0
2155607,9,9,5,1,1,0.678,0.734,0.252,0
8392691,6,5,6,3,10,0.946,0.695,0.7,0
5662977,4,1,8,7,9,0.931,0.568,0.399,0
7782885,2,3,4,3,10,0.67,0.221,0.892,1
3364241,6,2,3,1,7,0.154,-0.165,0.531,1
5326423,6,3,1,4,7,0.068,0.174,1.229,1
1792438,4,6,8,8,10,0.714,0.7,1.158,1
8414777,6,3,5,7,7,0.338,0.617,1.756,0
9651315,2,6,5,9,4,0.466,-0.208,1.299,0
8959715,8,2,1,8,7,0.209,1.5,1.478,0
6268337,9,3,9,8,3,0.311,0.849,0.643,0
8590270,5,4,4,5,11,0.165,0.158,1.747,0
8810356,8,6,1,6,8,0.193,0.016,1.738,0
2179227,5,8,1,3,13,0.893,0.322,1.614,1
8690188,2,3,3,4,0,0.836,0.929,1.026,0
71449,9,1,4,8,3,0.39,1.223,1.684,1
1288001,5,7,4,7,1,0.088,1.065,1.462,0
6306056,7,3,3,8,4,0.421,0.095,0.039,0
5563945,8,9,7,4,13,0.196,0.481,0.88,0
8407718,3,9,5,6,1,0.534,-0.29,1.369,1
9254667,5,4,8,4,12,0.748,1.168,0.493,0
1968881,4,1,8,1,3,0.606,0.118,0.68,1
7494663,6,4,5,5,7,0.546,0.409,1.525,1
3901196,3,1,5,7,6,0.636,1.387,1.458,1
3621123,4,7,8,7,12,0.914,0.869,1.085,0
9424831,7,5,6,6,11,0.112,0.847,0.006,0
7707473,7,9,7,1,8,0.248,-0.13,1.386,1
576658,2,3,1,2,13,0.293,1.374,0.619,1
2685163,6,9,3,6,0,0.798,0.766,1.658,0
5694526,3,1,8,5,3,0.144,1.354,0.533,1
8392599,5,2,8,8,12,0.584,0.669,0.195,0
9129973,1,2,6,9,12,0.741,0.913,0.92,0
6657099,6,9,2,8,14,0.386,0.176,1.001,0
3265360,2,1,2,5,5,0.175,0.415,1.558,1
6119074,6,6,5,4,4,0.829,-0.234,1.325,1
9058589,7,1,5,5,3,0.64,1.362,0.361,0
7869394,6,4,2,1,9,0.229,0.853,0.671,0
803558,9,7,2,1,6,0.937,0.17,0.341,1
5410461,5,5,1,6,3,0.45,0.558,0.187,0
8522727,9,2,8,4,14,0.158,0.58,1.581,0
7985743,1,2,2,1,7,0.052,0.833,0.46,0
9273362,3,3,3,6,5,0.568,0.219,1.249,0
796128,9,3,5,9,7,0.925,-0.061,1.626,1
4961225,1,3,5,5,10,0.354,0.779,0.757,1
9161095,1,5,5,3,9,0.368,1.262,1.932,1
4391034,6,2,6,9,6,0.12,0.859,0.907,1
2399145,1,8,1,1,12,0.184,1.174,1.092,1
6163178,7,7,5,5,8,0.348,0.506,0.544,0
6503017,9,4,3,6,12,0.773,1.176,1.081,0
6421755,5,1,9,9,9,0.202,1.018,1.717,1
1055857,7,8,6,5,9,0.619,0.139,1.962,1
5848443,9,8,8,4,9,0.211,0.389,1.681,0
2828321,5,8,7,1,13,0.328,1.397,1.959,1
8583738,8,5,2,4,6,0.606,0.154,1.827,0
168505,1,8,9,8,8,0.696,0.603,0.353,1
2822598,1,7,7,1,1,0.899,1.481,1.467,1
8787359,1,8,3,5,13,0.356,1.344,0.898,0
1145690,9,6,9,9,9,0.9,-0.062,0.308,1
9389913,1,1,8,7,6,0.21,0.194,0.788,0
7200167,2,3,5,3,12,0.889,1.44,1.232,0
5321820,2,6,4,4,14,0.851,1.268,1.627,1
3907161,3,4,4,4,2,0.443,0.802,0.827,1
6827186,1,5,5,1,6,0.732,-0.247,1.826,1
7280346,9,6,5,2,2,0.718,0.187,1.985,0
1381404,5,7,1,2,6,0.827,0.665,1.788,1
7557490,3,3,6,1,12,0.138,0.39,1.281,1
1718952,9,8,3,6,8,0.874,1.159,1.905,0
877689,8,3,2,1,8,0.286,0.157,0.748,1
715187,4,8,4,4,6,0.267,1.397,0.921,1
8619493,9,7,5,4,2,0.229,0.283,0.937,0
4096553,4,1,8,3,4,0.358,1.282,0.754,1
2945717,5,4,7,9,12,0.28,0.747,0.784,1
3714978,5,3,2,8,9,0.155,0.869,1.847,1
1529645,5,1,1,8,12,0.364,1.057,0.017,1
5769855,5,5,2,9,1,0.912,0.721,0.718,0
9211313,4,4,6,9,7,0.253,1.191,0.968,0
4166387,3,3,7,5,7,0.196,0.562,0.424,1
1985044,1,4,7,9,13,0.148,0.88,1.442,1
3390322,5,1,5,2,12,0.731,0.815,0.711,1
6776185,7,4,7,5,14,0.784,0.503,0.946,0
2253089,6,2,1,9,12,0.39,-0.261,1.679,1
6710322,1,3,2,9,5,0.82,-0.194,0.491,0
7073542,2,7,4,9,2,0.908,1.323,0.87,0
538692,8,6,5,2,13,0.636,1.145,0.707,1
231911,1,1,6,7,10,0.062,0.34,0.759,1
7761158,5,6,9,3,3,0.808,0.085,0.49,1
5837618,2,2,5,1,9,0.674,0.164,1.595,1
5478882,8,3,6,4,2,0.676,0.404,0.201,0
8135380,1,6,8,9,4,0.713,1.41,0.317,0
3810671,2,1,7,5,3,0.484,0.572,0.047,1
6039628,3,2,7,5,13,0.092,0.704,0.084,0
1670207,1,4,9,4,14,0.839,0.313,1.3,1
1569832,5,7,6,3,7,0.284,0.191,1.505,1
8061745,5,7,7,3,9,0.059,-0.208,1.629,0
6155068,6,8,1,3,11,0.494,1.2,0.08,0
3452067,7,8,6,5,10,0.878,0.533,1.303,1
1093433,5,9,5,1,14,0.621,-0.062,0.62,1
5865451,7,1,4,2,0,0.417,1.249,1.725,1
839470,4,8,9,2,13,0.123,1.349,1.263,1
6999111,3,6,5,6,6,0.753,1.247,0.765,0
1555065,5,5,9,3,10,0.877,0.154,0.551,1
5255025,3,2,5,3,2,0.108,0.388,1.457,1
5735855,7,6,8,6,5,0.835,1.324,1.582,0
8439255,7,6,2,3,7,0.689,0.342,1.491,0
1112235,7,1,6,4,7,0.524,0.99,1.945,1
9278837,2,8,8,4,0,0.431,1.169,0.455,0
5824247,1,7,6,5,4,0.405,1.428,1.865,0
8295710,9,6,3,2,4,0.79,0.72,1.553,0
1330452,1,3,4,3,4,0.751,-0.27,1.237,1
7228766,1,7,2,5,3,0.61,-0.21,0.383,1
9424539,4,3,1,1,5,0.172,0.026,1.319,0
8535138,8,4,6,7,9,0.729,0.152,0.239,0
3773582,4,8,6,1,13,0.719,0.499,1.827,1
7724722,4,7,3,6,11,0.146,1.33,1.149,0
5673367,9,1,5,1,10,0.51,0.738,1.074,0
8960654,9,9,6,2,10,0.406,0.347,1.87,0
4333443,7,6,2,2,6,0.669,1.14,0.304,0
3197363,3,9,5,7,6,0.244,0.808,1.53,1
5706416,1,8,5,1,2,0.719,1.17,0.45,1
3140803,7,2,7,2,12,0.127,0.451,1.879,1
4776919,2,9,6,6,5,0.337,-0.29,1.247,1
1760336,4,2,3,6,5,0.503,1.467,1.06,1
8882451,1,7,7,9,10,0.705,0.307,1.278,1
7048437,6,1,5,7,1,0.767,-0.237,1.523,0
973845,8,6,3,5,3,0.261,1.017,1.899,0
2819771,6,4,4,2,5,0.601,1.1,0.329,0
3448749,7,7,1,1,2,0.609,0.71,1.206,1
1074164,8,8,9,4,4,0.526,0.739,0.043,1
1464621,6,6,2,3,4,0.792,0.186,1.682,1
160857,6,2,4,2,12,0.124,0.937,1.213,1
2102466,4,2,7,7,9,0.656,0.456,0.976,1
5450866,4,4,6,4,2,0.51,0.059,1.978,1
2276633,7,2,7,9,9,0.082,0.125,1.551,1
4007845,8,4,3,3,13,0.748,0.039,0.867,1
1738085,3,8,5,3,10,0.127,0.599,0.343,1
2720671,4,1,4,3,2,0.199,0.943,0.168,0
1834351,6,1,1,7,8,0.442,-0.035,0.034,1
1476274,6,4,4,8,8,0.924,1.346,1.708,1
8448148,7,4,5,7,13,0.077,0.07,0.542,0
2499877,8,2,3,8,6,0.306,-0.174,1.455,1
2428048,8,4,6,1,3,0.686,1.382,1.737,1
2738174,4,7,5,9,1,0.79,1.362,0.21,0
2515332,6,1,1,2,2,0.344,-0.282,1.391,1
3894647,2,5,6,9,7,0.452,0.603,1.127,1
7539063,8,1,1,6,13,0.153,1.415,1.338,0
5319445,3,4,4,6,14,0.453,0.412,1.974,1
2381023,3,2,5,7,7,0.654,1.344,0.643,1
3983966,8,9,2,5,11,0.803,0.231,0.345,0
5037552,2,7,6,5,9,0.298,1.415,1.923,0
1622712,7,9,1,4,5,0.433,0.174,0.233,1
8392573,1,6,1,5,5,0.345,1.183,0.376,0
5502776,7,5,1,2,0,0.651,0.034,0.136,0
6868364,9,2,6,7,10,0.833,0.116,1.908,1
4190283,7,1,7,6,14,0.321,0.464,1.118,1
3591861,5,6,2,5,2,0.921,0.181,1.388,1
3834293,1,3,2,7,9,0.45,1.346,0.523,0
9966175,5,8,7,6,8,0.164,1.323,1.841,0
4742772,2,7,4,8,2,0.474,1.151,1.977,1
9476371,1,4,7,3,14,0.758,0.15,0.508,0
2300978,4,9,2,2,14,0.247,-0.018,1.125,1
4682780,3,5,9,5,2,0.929,-0.276,1.066,1
8001426,1,5,6,1,3,0.915,1.425,1.465,0
570818,8,7,2,9,1,0.368,0.344,1.84,1
1074185,7,6,2,1,10,0.787,1.072,0.242,1
3615848,3,7,6,2,13,0.945,1.128,1.142,1
8508358,1,9,4,2,8,0.326,0.828,0.134,0
621081,1,7,2,8,0,0.276,-0.258,1.031,1
5545198,3,5,4,6,2,0.899,0.866,0.58,0
6223687,2,1,7,9,1,0.161,0.3,0.628,0
245283,1,5,7,7,0,0.373,0.567,1.715,1
1165510,2,4,5,9,14,0.149,0.84,1.086,1
3489826,5,7,6,3,12,0.283,0.12,0.329,1
8783539,3,1,8,3,7,0.657,1.137,0.311,0
7162176,9,5,3,6,1,0.675,0.94,1.145,0
5107104,5,3,1,4,6,0.177,1.269,0.476,0
1727289,3,2,4,7,4,0.356,0.784,1.963,1
7685575,3,6,6,7,4,0.932,1.018,1.243,0
3054857,4,3,6,6,12,0.714,0.648,0.971,1
1869629,7,5,1,5,11,0.471,-0.203,0.66,1
445013,3,5,1,7,8,0.165,0.706,0.111,1
1059351,7,7,2,9,14,0.751,0.648,0.063,1
9813305,7,5,8,4,1,0.426,0.63,1.604,0
1654443,1,4,4,9,13,0.23,0.436,0.473,1
4424103,5,1,8,8,5,0.338,0.953,0.102,1
1463504,2,6,2,6,0,0.686,0.471,1.008,1
1659381,7,7,6,3,0,0.788,0.075,1.077,1
63865,4,8,6,9,3,0.816,1.059,0.47,1
3258317,2,4,8,7,9,0.657,0.982,0.897,1
5771193,8,5,5,9,1,0.114,0.345,1.209,0
7511510,6,5,9,1,14,0.101,1.381,1.263,0
82375,7,9,5,3,1,0.768,0.437,1.813,1
5041939,9,7,7,5,13,0.619,-0.193,0.46,1
3793175,7,7,4,4,12,0.427,1.243,0.866,0
663058,5,5,1,6,1,0.181,0.368,1.612,1
262005,8,2,9,5,4,0.279,0.054,1.548,1
2570862,7,1,7,9,13,0.325,0.724,1.73,1
7422211,8,2,5,6,11,0.911,0.956,1.18,0
4376894,7,9,5,6,14,0.095,0.205,0.264,1
4082452,5,9,1,6,8,0.29,-0.11,0.315,0
7924524,1,4,7,6,6,0.509,0.589,1.042,0
1930652,8,7,4,3,12,0.918,1.094,1.717,1
3548779,6,1,6,3,6,0.241,0.498,0.273,1
7092083,9,4,7,8,14,0.679,0.399,1.779,0
957562,3,6,5,2,0,0.557,-0.003,1.958,1
3013759,6,4,8,2,11,0.35,1.353,0.104,0
5716293,1,6,6,5,10,0.395,1.186,1.465,1
7161285,6,7,2,6,5,0.862,1.422,1.839,0
5134238,8,3,2,4,1,0.534,1.162,1.986,1
7927484,5,8,6,9,3,0.379,0.379,1.421,0
541637,8,7,5,7,9,0.77,-0.289,1.462,1
3990194,6,7,8,4,10,0.438,0.04,1.428,1
9340092,5,1,8,9,8,0.753,-0.175,1.873,1
8430541,4,3,2,5,0,0.557,0.014,0.939,0
9722683,4,7,6,8,7,0.15,0.155,1.26,0
797990,4,6,7,2,12,0.065,0.059,0.417,1
2848588,1,4,6,4,3,0.409,0.116,0.043,1
5551216,6,2,5,1,11,0.481,1.367,0.871,1
6092569,4,9,7,3,7,0.325,1.229,0.086,0
4180332,3,5,4,5,8,0.302,0.166,0.827,1
8679814,9,6,8,3,3,0.931,1.271,1.285,0
2517150,3,9,4,1,0,0.908,0.837,1.24,1
3242040,7,4,6,3,4,0.448,0.122,0.004,1
8004158,3,4,4,8,1,0.308,0.674,1.035,0
3194025,1,4,5,2,8,0.743,0.22,1.577,1
1667993,7,5,1,5,4,0.576,0.98,1.898,1
9451373,2,5,6,8,11,0.207,0.825,0.23,0
1822381,7,2,5,5,6,0.878,0.642,1.046,1
9286422,5,6,9,8,14,0.436,1.146,0.761,0
1068906,5,1,7,5,10,0.143,0.995,1.034,1
5868342,1,7,7,2,4,0.567,1.039,0.32,0
2379975,3,2,6,1,11,0.881,0.888,1.773,1
5184632,7,2,5,4,6,0.534,1.295,0.648,0
6126018,4,2,3,8,11,0.061,0.995,1.251,0
644799,7,5,7,5,8,0.191,1.403,0.54,0
8535982,2,6,6,5,11,0.757,0.778,1.998,0
3070085,2,1,3,6,3,0.657,-0.201,0.853,1
5018966,2,4,7,8,8,0.519,0.763,0.51,0
4731420,5,6,1,4,0,0.735,0.223,0.047,1
9801658,5,4,4,1,7,0.737,1.493,1.749,0
2743943,2,5,6,9,12,0.879,1.354,0.375,0
8104587,9,5,3,2,7,0.837,-0.229,1.711,1
6836695,2,6,1,4,12,0.207,0.669,0.74,0
9279261,3,2,4,4,9,0.478,1.464,0.336,0
8638609,3,2,8,8,5,0.415,1.445,0.43,0
3683076,3,6,9,7,11,0.78,0.998,0.44,0
3533463,8,9,2,2,13,0.626,0.447,0.207,0
513932,7,8,1,9,3,0.48,0.303,0.192,1
2206969,4,6,7,7,8,0.75,1.102,0.102,0
6479912,7,6,2,1,8,0.705,0.114,0.994,1
6720862,2,3,3,6,8,0.281,-0.264,0.991,1
3194902,4,4,4,9,9,0.151,0.66,0.197,0
1738393,1,5,8,4,10,0.826,0.082,0.717,1
7570600,5,4,9,1,13,0.096,0.27,0.726,1
1359392,5,6,4,4,13,0.189,0.87,0.762,1
2986371,8,8,7,4,0,0.136,1.385,1.009,0
6760127,9,7,4,9,10,0.221,0.429,0.025,0
130499,2,3,7,9,2,0.834,1.23,0.94,1
9591593,5,4,8,6,1,0.815,-0.073,1.266,1
9516570,5,3,2,2,4,0.819,0.486,1.929,0
4470455,7,2,9,7,0,0.531,0.703,0.709,1
2950088,7,6,1,7,5,0.229,0.123,1.61,1
8039819,7,1,9,6,4,0.284,0.032,1.482,0
7669613,7,3,8,5,12,0.297,0.911,0.659,0
1379520,3,8,5,6,8,0.874,0.408,0.232,1
8926000,3,2,8,4,9,0.37,0.585,1.49,1
3191787,1,4,4,3,2,0.75,0.475,1.9,1
9546143,3,6,7,6,6,0.772,0.217,1.051,0
1624395,4,3,1,4,13,0.854,0.777,0.181,1
5727266,4,6,5,3,1,0.626,0.592,1.533,1
2828339,2,3,6,3,2,0.596,0.643,0.143,1
326000,3,8,1,5,14,0.114,0.462,1.711,1
1308623,5,6,6,9,8,0.459,0.164,1.059,1
6299253,3,3,1,5,7,0.53,-0.172,1.337,1
2668429,9,6,1,4,0,0.504,0.681,0.304,0
6803469,8,3,9,9,1,0.683,1.464,0.003,0
3224482,7,5,8,4,6,0.064,0.854,0.835,0
9694834,7,2,6,9,10,0.531,1.06,1.902,0
7079559,8,4,9,5,12,0.663,1.342,1.441,0
4527302,1,1,5,7,3,0.642,-0.056,1.801,1
463322,5,2,1,8,5,0.354,0.984,1.039,1
477266,5,3,8,3,3,0.123,0.001,0.286,1
1762684,6,8,8,7,11,0.512,1.216,0.749,1
8464006,6,7,8,8,8,0.526,0.672,0.285,0
2466569,2,6,2,9,3,0.266,0.058,0.654,1
7231752,9,6,6,8,7,0.712,0.62,0.965,0
8911278,3,1,2,2,0,0.125,-0.201,0.547,0
9314802,9,7,6,6,5,0.779,1.251,0.152,0
912383,1,3,6,2,5,0.425,-0.219,1.78,1
5359772,1,2,5,7,11,0.328,0.103,0.032,1
2176768,4,4,3,3,7,0.402,0.529,1.839,1
9522590,5,7,5,3,4,0.617,0.634,1.17,0
1862864,3,9,1,1,8,0.379,0.9,0.955,1
482474,7,8,4,1,0,0.686,0.473,1.896,1
492051,8,3,5,8,2,0.723,1.039,1.779,1
4954683,9,8,3,7,5,0.119,0.538,0.793,0
2949164,7,8,3,2,10,0.386,0.674,0.783,1
9116452,7,4,3,3,9,0.184,1.2,1.731,0
6972205,5,3,1,5,8,0.343,0.988,1.612,0
6861256,3,9,5,2,5,0.189,-0.271,1.956,1
7027299,4,1,8,5,7,0.392,0.526,1.665,1
8715253,5,8,9,1,13,0.387,0.601,1.673,0
9282619,2,3,2,4,6,0.608,-0.138,0.172,1
5276979,6,4,7,9,0,0.738,0.538,0.965,0
5257477,7,2,4,3,4,0.465,-0.17,0.548,1
9232782,5,8,6,7,2,0.212,1.331,1.653,0
603512,1,8,8,6,6,0.089,1.184,1.463,1
8861178,7,5,8,9,11,0.614,0.994,1.995,0
5716254,3,3,1,6,10,0.057,0.976,0.04,0
9651869,5,7,3,4,9,0.175,1.016,0.932,0
7191755,2,4,6,2,4,0.492,-0.232,1.846,1
9496223,1,3,1,2,11,0.196,-0.108,0.265,0
9370776,8,2,9,7,7,0.085,0.867,1.56,0
2109359,7,8,5,4,10,0.527,1.374,0.4,0
3002791,5,4,7,5,10,0.387,0.688,1.905,1
6092810,1,7,6,7,8,0.825,0.131,1.522,1
357264,5,5,4,2,3,0.698,1.267,1.572,1
6961761,7,1,1,9,0,0.255,0.767,0.027,0
1294319,8,8,9,3,9,0.349,0.91,1.795,1
125390,9,1,3,1,10,0.557,1.147,0.551,1
3201160,1,6,1,6,5,0.941,0.486,1.609,1
7705675,3,1,3,1,1,0.761,1.104,0.468,0
3029593,5,7,8,3,14,0.054,0.989,0.749,1
429076,1,4,4,7,7,0.642,1.139,1.001,1
7235966,1,2,1,5,11,0.254,0.198,1.462,1
9384727,3,1,1,4,7,0.414,0.773,1.554,0
6210759,2,8,9,7,7,0.299,1.195,0.521,0
5778219,4,9,8,2,5,0.145,1.049,0.252,0
2555547,9,5,9,1,3,0.831,0.934,0.773,1
2222490,1,5,2,4,6,0.475,0.896,1.286,1
6952641,1,1,9,1,11,0.341,0.067,0.247,1
4763374,6,1,8,6,9,0.662,-0.148,1.779,1
7159100,1,3,4,6,13,0.857,0.934,1.615,1
6573386,6,7,6,9,11,0.264,-0.211,0.009,0
8997942,4,8,5,6,6,0.685,1.415,0.271,0
2210619,4,9,5,1,7,0.425,0.141,0.368,1
2851391,3,2,9,1,2,0.772,0.081,0.782,1
1465065,9,6,5,7,10,0.513,0.11,0.521,1
7853317,3,1,4,4,4,0.309,0.931,1.806,0
8897414,2,1,3,4,2,0.655,1.255,1.081,0
55544,6,3,9,7,7,0.247,0.378,1.756,1
1179691,8,9,6,1,11,0.878,0.653,1.271,1
166845,5,7,6,4,7,0.599,-0.012,1.761,1
2456615,5,9,3,9,5,0.279,-0.085,0.462,1
3894366,7,5,2,9,5,0.626,0.341,0.929,0
9114300,1,1,9,3,2,0.29,1.447,0.513,0
9843045,6,3,8,3,0,0.367,0.669,0.598,0
8120104,6,8,6,7,1,0.666,1.072,0.875,0
9568553,4,8,8,1,10,0.121,1.054,0.749,0
2212876,2,4,5,6,13,0.593,0.787,0.957,1
5627175,7,2,1,2,3,0.203,1.173,1.818,0
6414585,9,1,6,6,2,0.445,-0.061,0.309,0
1251860,9,1,6,1,6,0.136,-0.182,0.503,1
7996508,3,9,1,9,11,0.42,-0.284,1.926,0
1575789,6,4,4,6,12,0.165,1.493,1.043,0
2582316,2,5,3,5,6,0.922,0.53,1.775,1
4237490,4,5,8,8,14,0.862,0.882,1.439,0
2506051,8,7,8,9,7,0.257,1.348,1.324,0
1674422,8,8,5,3,6,0.409,0.723,1.92,1
1354611,9,6,3,2,1,0.716,0.561,1.691,1
4077467,6,3,2,3,14,0.561,0.096,0.085,1
3586445,6,4,6,2,10,0.462,-0.257,1.378,1
6806826,4,2,2,5,3,0.605,1.141,1.64,0
4992842,8,9,9,4,2,0.548,0.007,0.509,0
2788248,4,1,7,5,1,0.471,0.126,0.034,1
7052806,9,2,5,6,8,0.052,1.054,1.46,0
9292683,5,2,7,3,1,0.522,-0.192,0.084,0
4266892,9,4,4,1,14,0.437,1.157,0.37,0
2492080,2,3,6,9,5,0.619,0.766,0.627,1
6105582,8,5,5,3,8,0.427,0.127,1.083,0
6309613,4,6,2,7,3,0.151,-0.234,0.908,1
6784748,7,1,3,5,9,0.619,0.945,0.38,0
8533991,2,3,7,8,9,0.76,0.257,1.065,0
5874934,5,8,4,5,11,0.883,0.158,1.255,0
2659853,1,7,1,6,9,0.576,0.624,0.158,1
778068,9,3,2,7,4,0.696,0.807,1.105,1
747104,7,2,4,8,2,0.566,-0.171,0.404,1
915923,6,8,6,3,7,0.357,1.109,1.468,1
4694131,4,4,5,5,12,0.491,0.878,0.294,1
7635176,3,1,6,8,2,0.806,0.855,1.385,0
9715586,1,8,2,8,3,0.574,0.479,1.697,0
4214409,5,9,8,2,6,0.576,0.926,1.124,1
4663259,1,5,4,5,5,0.318,1.018,1.975,0
9396475,1,6,4,6,0,0.079,0.733,0.546,0
9241470,6,6,5,6,0,0.72,0.455,1.398,0
8045462,8,6,1,8,4,0.362,-0.273,1.55,0
9382656,9,9,4,6,8,0.216,1.412,0.058,0
8857242,4,1,2,9,8,0.069,1.098,1.982,0
6141248,1,3,5,6,3,0.323,1.479,0.938,0
2082965,6,5,7,8,4,0.707,1.064,1.382,1
9137776,1,8,4,6,13,0.543,0.685,0.144,0
8346550,6,4,8,4,7,0.267,1.122,1.128,0
6078560,3,6,5,6,13,0.428,1.059,1.401,0
6178291,3,6,7,9,2,0.776,1.205,0.367,0
1527962,8,1,3,3,1,0.693,0.385,0.265,1
3377968,7,5,8,6,7,0.536,0.843,1.325,1
1363523,1,9,7,8,2,0.645,0.857,0.516,1
2975988,5,4,6,7,5,0.126,0.505,0.916,1
3890325,8,1,6,2,7,0.107,0.493,1.981,1
9319253,8,7,3,6,11,0.138,0.803,0.705,0
599147,6,8,9,6,8,0.919,0.342,0.219,1
2543783,2,9,5,1,9,0.844,-0.098,0.05,1
5980460,7,6,5,4,9,0.581,0.309,1.319,0
9008501,3,1,2,3,8,0.644,0.769,0.336,1
3120755,4,6,1,3,6,0.633,0.732,1.298,1
8401174,5,6,9,7,7,0.788,0.305,0.441,0
5203889,3,8,7,7,8,0.814,0.851,1.166,1
3532948,2,6,9,5,2,0.261,0.682,1.938,1
3769723,4,9,8,7,13,0.903,-0.225,0.751,1
1477042,6,4,3,5,4,0.588,0.285,0.138,1
8592353,7,2,4,8,8,0.662,0.91,0.772,0
5007063,8,1,8,8,4,0.491,0.701,1.321,1
9973279,7,8,8,5,13,0.836,0.63,1.15,0
3825896,7,1,2,5,2,0.766,0.639,0.924,1
1064237,6,4,9,4,7,0.381,0.771,0.838,1
5623745,7,9,4,8,1,0.306,0.039,0.02,0
8809908,8,6,8,7,10,0.774,0.394,0.031,0
3305398,4,4,7,4,11,0.152,0.007,1.538,1
717937,8,6,7,3,7,0.441,1.11,1.52,1
9864300,2,6,3,7,0,0.546,0.845,1.715,0
4757468,2,9,6,6,9,0.8,0.281,0.586,1
2517063,9,7,1,7,4,0.356,1.271,1.517,0
9220465,3,2,5,8,14,0.256,-0.088,0.612,0
2054504,2,5,5,2,7,0.355,0.052,1.43,1
1074371,4,4,2,3,3,0.79,0.927,0.378,1
563280,9,7,6,4,1,0.619,0.327,0.449,1
7126700,1,5,3,8,2,0.059,1.082,0.071,0
8228381,1,1,9,1,10,0.683,0.465,1.953,1
5481881,2,2,3,4,7,0.41,0.997,1.602,0
7593413,8,5,4,5,4,0.21,-0.082,1.41,0
1660031,9,9,7,3,11,0.336,0.711,1.302,0
9608347,8,8,5,5,11,0.382,0.444,0.289,0
3303014,6,5,9,1,14,0.232,-0.128,1.14,1
7341981,1,6,2,5,1,0.399,1.406,1.097,0
2831623,7,3,1,2,0,0.283,1.435,1.541,0
3013873,1,7,2,3,4,0.06,0.705,1.049,1
8478741,6,4,5,6,7,0.503,0.064,0.042,0
8493821,1,1,7,2,14,0.233,0.026,0.954,1
8834415,3,1,9,2,1,0.248,1.45,0.612,0
8930755,8,1,9,1,13,0.619,0.058,0.652,1
5551832,2,2,4,1,5,0.463,-0.207,1.089,1
2784848,3,8,7,5,13,0.379,0.773,1.607,0
5485099,8,1,2,6,3,0.128,1.149,0.379,0
6141400,5,6,7,4,0,0.077,-0.284,0.757,0
2728950,2,7,2,7,10,0.196,0.972,1.995,1
1017594,1,5,5,8,13,0.357,0.628,0.617,1
5139175,7,1,7,5,5,0.501,-0.039,1.711,1
6890513,1,8,7,1,7,0.678,0.703,1.726,1
9632192,8,5,8,8,6,0.303,0.209,0.262,0
7621408,1,9,2,4,4,0.633,-0.077,1.459,1
3569207,1,2,5,8,5,0.396,0.683,0.795,1
8909094,1,5,8,8,6,0.226,0.791,1.246,0
2007150,8,6,5,4,2,0.813,0.673,0.223,1
8805942,6,8,5,4,0,0.199,0.95,0.109,0
8733667,4,4,8,8,2,0.107,1.133,1.96,0
3048019,4,8,3,6,1,0.633,1.358,1.477,0
6135680,2,4,3,4,7,0.761,0.316,0.519,1
9123920,1,7,4,3,14,0.711,0.785,0.651,0
492735,7,1,1,8,14,0.669,1.139,0.765,1
6525837,8,4,8,4,4,0.372,-0.068,1.877,0
5005167,6,1,1,1,8,0.857,1.378,1.82,1
4028034,5,5,2,8,0,0.638,0.582,0.079,0
8070546,2,3,3,3,8,0.937,0.4,0.223,0
7283267,9,9,8,2,2,0.25,1.373,1.388,0
5821443,9,6,2,4,8,0.227,1.423,1.9,0
6540724,9,3,5,7,14,0.832,0.838,1.032,0
1926374,2,2,2,6,5,0.756,0.982,0.431,1
7616397,4,7,5,4,0,0.524,1.223,0.602,0
3811835,5,5,2,9,5,0.496,-0.099,1.565,1
6345817,8,9,6,1,9,0.217,0.106,0.346,0
8870692,2,4,4,3,3,0.514,1.097,0.152,0
6277634,1,7,9,2,3,0.322,0.305,1.48,1
9467642,3,2,4,5,10,0.255,0.476,0.604,0
9611591,7,1,9,8,10,0.236,0.526,0.592,0
4723772,7,8,9,5,9,0.498,1.054,1.389,0
6312182,4,4,9,4,4,0.932,0.605,1.146,1
2414088,9,5,4,6,4,0.689,1.29,1.493,0
7133542,5,6,4,1,1,0.47,1.163,0.442,0
4434357,8,7,1,7,14,0.323,0.261,0.76,1
9857340,3,9,5,8,14,0.925,1.191,0.863,0
1575857,6,7,5,7,4,0.182,0.1,1.009,1
2511034,3,9,7,8,14,0.632,0.297,1.192,1
4147031,2,2,6,4,0,0.212,-0.124,1.667,1
1038439,6,5,6,8,1,0.202,0.729,0.563,1
1728125,2,1,9,7,9,0.477,-0.202,1.072,1
8549064,5,2,7,7,11,0.245,0.877,0.831,0
7120972,1,5,6,6,10,0.445,0.678,1.026,0
8079663,8,8,3,6,8,0.399,1.134,0.36,0
7683236,6,7,3,9,11,0.062,0.306,1.574,0
8623905,8,2,3,9,6,0.35,0.017,0.45,0
8351560,5,1,5,1,13,0.388,0.16,0.836,0
9242836,7,6,4,9,7,0.385,-0.025,1.194,0
2557825,3,3,6,5,2,0.894,0.178,0.092,1
110152,1,7,9,2,6,0.155,-0.283,0.917,1
557085,4,8,8,4,11,0.905,0.873,0.2,1
7187364,5,5,4,2,7,0.618,1.16,1.386,0
7168642,2,3,2,8,10,0.137,0.946,0.698,0
9551465,5,1,6,4,5,0.889,-0.233,0.842,1
9349561,6,4,2,9,8,0.592,0.228,0.071,0
5549663,8,8,6,4,4,0.321,-0.207,0.631,0
369108,6,5,4,7,14,0.374,1.048,0.391,0
5891121,4,5,5,6,8,0.471,1.29,0.876,0
2976995,7,8,7,4,7,0.486,1.424,0.201,0
7567997,1,6,5,7,14,0.308,1.495,1.926,0
538475,9,9,7,5,2,0.647,0.341,1.963,1
7489737,1,3,2,9,6,0.105,0.528,1.46,0
4124375,2,2,2,8,13,0.652,0.487,0.517,1
2977247,9,7,5,9,1,0.913,1.232,0.595,0
2259388,8,5,1,2,4,0.588,-0.247,0.138,1
6551468,5,3,9,1,3,0.768,0.79,0.522,1
1980034,1,7,7,5,8,0.55,1.317,0.207,1
9066625,7,5,7,2,13,0.36,1.221,1.114,0
8158218,7,8,5,9,9,0.258,0.894,0.435,0
9555815,2,1,6,8,6,0.498,0.982,1.918,0
2917757,7,7,4,4,3,0.586,1.048,1.624,1
7644663,9,5,9,9,6,0.93,0.65,1.855,0
660673,2,6,1,6,13,0.681,-0.147,0.846,1
9085437,3,9,1,7,9,0.207,0.628,1.579,0
8931664,3,8,5,6,3,0.142,0.213,1.672,0
7919015,8,9,1,7,14,0.743,1.422,1.284,0
8425867,1,4,9,3,5,0.173,-0.287,1.729,1
6948369,3,2,5,5,3,0.827,0.289,1.119,1
2356448,8,6,2,1,3,0.235,1.33,0.882,0
9716953,1,7,8,5,6,0.901,-0.176,1.509,0
2717985,8,2,4,9,14,0.677,-0.011,1.254,1
8738586,2,8,9,9,6,0.688,1.498,0.46,0
5938985,5,2,5,2,11,0.349,0.967,1.211,1
8674422,4,6,9,4,0,0.095,0.471,0.055,0
1130614,6,8,8,8,0,0.93,0.587,0.353,1
4751795,9,7,2,3,13,0.739,0.804,0.43,0
9124162,7,8,4,3,13,0.656,0.581,1.121,0
3806939,9,3,5,4,5,0.812,0.812,0.662,1
612602,9,8,5,8,8,0.138,-0.126,1.707,1
7399859,1,9,7,3,4,0.467,1.333,0.601,0
5390921,1,5,4,1,14,0.554,0.88,1.668,1
256722,3,9,6,7,11,0.642,0.944,0.73,1
9920985,4,1,1,4,6,0.455,1.492,0.583,0
9697238,4,9,5,3,0,0.736,1.201,0.956,0
954286,7,3,1,7,1,0.348,1.292,1.243,1
187312,9,6,8,1,13,0.654,1.03,0.733,1
6777716,1,7,6,3,3,0.28,0.557,1.61,0
6261589,7,5,6,9,5,0.613,0.437,0.712,0
9518267,3,5,4,4,0,0.856,1.171,0.885,0
6910125,3,2,2,8,14,0.828,0.387,0.231,0
3220403,1,8,4,7,1,0.175,0.73,0.703,1
7983058,4,8,5,3,10,0.14,1.321,1.038,0
4381498,3,6,3,5,0,0.878,-0.176,1.915,1
2313489,8,8,4,2,2,0.201,-0.143,1.138,1
4104284,1,5,7,6,4,0.555,-0.029,1.84,1
7330604,1,6,8,9,1,0.816,0.404,0.395,0
6487700,1,9,1,5,6,0.461,1.044,1.98,0
8311452,4,3,1,2,1,0.636,-0.086,1.528,1
7196513,3,3,5,7,10,0.888,0.855,0.616,0
3217324,8,7,1,6,12,0.918,0.241,1.065,1
6474803,6,2,3,8,14,0.068,0.855,0.267,0
1123406,5,1,4,5,3,0.08,0.199,0.698,1
6562066,4,2,7,5,1,0.592,1.403,0.404,0
9648258,1,4,2,4,5,0.671,-0.116,0.294,0
7726772,3,3,4,7,6,0.706,0.235,1.64,0
1662888,2,5,8,8,8,0.73,-0.253,1.636,1
1656082,4,1,1,3,14,0.444,0.617,0.479,1
4656157,2,1,2,8,2,0.799,0.173,0.456,1
7326538,3,1,4,5,14,0.662,1.419,0.818,0
2853770,9,1,8,8,11,0.38,0.467,0.354,1
5337778,1,5,8,7,9,0.342,0.314,0.092,1
4650851,7,9,5,3,14,0.699,0.151,1.503,0
2937203,9,7,7,7,7,0.747,-0.207,0.346,1
1658382,1,6,6,7,13,0.751,0.397,1.804,1
8700817,6,8,4,9,6,0.245,-0.238,1.698,0
6839563,4,3,5,1,12,0.808,1.439,0.821,0
7601577,1,4,1,4,7,0.821,0.715,0.547,0
6454498,1,8,6,2,4,0.446,0.362,1.489,0
3904415,6,9,1,6,7,0.874,0.629,0.712,0
5605882,3,2,6,6,5,0.544,0.606,0.975,1
6790495,3,9,7,5,9,0.182,-0.15,0.357,0
1217945,1,1,5,4,5,0.732,-0.001,1.401,1
5287793,3,7,7,5,11,0.218,0.717,0.215,0
9117024,8,7,2,2,3,0.562,1.216,1.871,0
6290526,9,9,4,4,6,0.497,1.075,0.164,0
5112430,8,4,2,2,5,0.212,0.782,0.308,0
9873824,4,4,9,8,13,0.163,0.295,1.644,0
235178,8,5,4,4,13,0.076,0.875,0.041,1
5272436,9,5,4,4,14,0.086,1.258,0.422,0
5682459,8,1,7,6,12,0.304,-0.089,1.939,1
9612954,4,5,9,8,4,0.75,0.355,0.364,0
3958418,2,9,8,6,5,0.53,1.359,1.738,1
628946,9,5,7,7,6,0.258,0.239,0.099,1
5389992,9,4,3,4,7,0.817,1.424,0.016,0
9239865,4,6,1,2,14,0.493,-0.107,0.891,0
9549130,3,2,1,9,3,0.572,1.223,0.684,0
2648967,3,6,3,5,3,0.582,0.957,1.226,0
4859010,4,4,9,4,4,0.285,0.542,0.831,1
7675509,5,4,3,3,7,0.334,0.607,0.087,0
2124402,4,2,7,8,7,0.8,0.158,1.931,1
5026229,8,9,3,1,11,0.288,0.899,0.857,0
2345643,3,8,2,2,10,0.781,0.104,1.159,1
3481098,9,5,9,8,6,0.865,0.723,1.974,0
3128723,6,2,7,9,8,0.558,1.004,1.167,1
7784757,4,9,2,2,3,0.148,1.06,0.912,0
4613538,7,2,8,9,5,0.251,1.424,0.621,0
8613525,4,3,5,6,11,0.426,1.371,1.175,0
6984589,9,6,9,2,8,0.871,-0.084,0.107,1
5072438,7,7,1,3,5,0.909,-0.238,0.054,0
4836297,9,4,3,8,3,0.842,0.731,0.853,0
3443090,8,4,5,8,10,0.503,1.243,0.837,0
2804591,1,3,8,8,11,0.552,1.331,1.22,1
8319718,9,4,4,7,12,0.294,0.613,1.682,0
8635033,3,3,8,4,9,0.715,0.425,0.797,1
1988886,8,1,5,9,8,0.483,0.21,1.429,1
5770088,8,1,7,5,3,0.414,0.159,0.43,1
2791079,8,5,9,4,14,0.938,1.015,0.214,1
3600099,6,1,3,7,6,0.875,-0.022,1.427,1
1921928,4,8,4,1,3,0.138,0.879,0.896,1
4037811,9,2,3,6,13,0.114,0.032,0.923,0
2568651,8,1,7,7,8,0.479,-0.116,1.898,1
3091239,6,7,6,8,7,0.567,0.094,1.595,1
396043,1,4,2,5,3,0.207,-0.028,1.267,1
1181815,3,4,8,9,7,0.899,-0.064,0.231,1
4798954,7,6,8,6,3,0.688,1.25,1.956,1
5891251,7,5,1,9,13,0.873,0.123,0.089,0
8375290,3,8,2,3,7,0.406,0.089,1.942,0
9216913,1,5,3,8,1,0.085,0.999,1.637,0
7868840,8,5,1,4,11,0.856,0.376,0.155,0
3734119,5,3,7,9,3,0.233,0.318,1.87,1
3467790,4,2,6,5,10,0.836,0.886,0.339,0
735604,2,1,7,5,7,0.345,1.298,1.896,1
6490357,2,9,8,7,0,0.143,1.245,1.147,0
6250448,5,8,7,3,6,0.872,0.759,0.727,0
6546921,9,7,1,9,11,0.722,0.024,1.401,0
3287833,5,1,2,9,6,0.765,1.444,0.728,0
1362898,1,6,6,1,3,0.918,-0.211,1.72,1
6412920,4,7,2,4,11,0.207,0.6,0.07,0
2115889,8,6,4,2,14,0.908,0.906,1.07,1
2627318,6,7,2,3,10,0.899,-0.228,0.073,1
4020115,3,7,6,1,5,0.079,0.076,0.283,1
3938074,1,4,4,8,7,0.484,1.389,0.74,0
4589051,2,8,4,6,7,0.64,-0.039,0.546,0
2683803,5,1,1,4,8,0.816,1.445,0.075,1
7387614,2,8,2,9,1,0.871,0.57,0.087,0
6613511,8,7,5,3,7,0.142,1.293,1.561,0
2264516,2,1,5,2,2,0.573,0.69,0.429,1
4946508,3,6,1,4,3,0.383,-0.173,0.467,1
1252403,4,5,2,9,7,0.093,1.382,0.327,1
4714314,9,8,7,1,6,0.476,1.01,1.098,0
7770921,6,8,2,4,6,0.175,-0.188,0.921,0
2214836,9,5,2,9,5,0.571,-0.196,0.711,1
277655,5,2,9,2,2,0.833,1.226,1.893,1
9469380,1,6,9,9,10,0.823,1.042,0.951,0
8390835,8,1,3,1,2,0.822,-0.13,1.028,1
6568308,9,4,9,3,14,0.525,1.299,1.668,0
7750932,9,3,4,1,12,0.459,0.027,1.149,1
6904820,7,4,1,1,10,0.51,0.122,0.355,0
5144658,7,7,6,9,12,0.552,1.419,1.752,0
3580066,2,8,7,4,13,0.3,1.016,0.9,0
9713724,3,9,9,3,4,0.192,-0.16,0.237,0
7848998,7,9,9,3,10,0.505,0.763,0.851,0
631874,4,2,1,3,8,0.677,0.503,1.777,1
9166383,3,9,5,8,6,0.243,-0.116,1.929,0
2460163,1,9,4,3,12,0.424,1.081,0.124,1
4666021,5,3,5,1,3,0.727,-0.206,1.6,1
969597,6,4,1,7,0,0.49,1.355,1.057,1
7552451,1,9,5,5,11,0.938,0.977,1.063,0
8440732,3,6,6,1,6,0.638,-0.174,0.501,1
840716,5,2,2,4,0,0.791,1.143,0.206,1
2042814,9,6,8,8,1,0.139,-0.154,0.387,1
5153248,7,8,5,6,13,0.573,0.637,0.245,0
8068982,7,4,4,7,7,0.868,0.33,1.949,0
6112019,5,3,4,1,8,0.649,-0.281,0.981,1
9786564,4,9,3,9,0,0.377,0.054,1.696,0
5494194,8,6,8,2,13,0.201,0.928,1.529,0
4097608,3,5,2,2,12,0.57,0.199,0.991,1
3742240,5,9,6,2,0,0.734,1.201,1.395,1
8074577,4,5,1,9,0,0.319,1.47,0.595,0
720104,3,1,5,3,8,0.353,-0.147,1.71,1
9676109,1,7,6,7,13,0.398,0.167,1.058,0
4870006,7,3,3,3,9,0.116,-0.166,0.319,1
7115364,7,3,9,8,5,0.701,0.575,0.657,0
9906790,9,7,3,5,2,0.746,0.101,1.935,0
5819345,1,8,2,9,6,0.78,0.722,0.68,0
6881116,3,6,5,7,8,0.303,0.996,0.787,0
505789,7,1,8,1,12,0.873,-0.185,1.795,1
9608742,3,8,9,2,13,0.355,1.175,0.24,0
7761285,6,6,8,6,14,0.348,1.442,1.13,0
6180500,7,1,2,3,14,0.702,0.959,1.0,0
6189538,4,2,4,1,2,0.181,-0.158,1.731,1
8664949,6,8,7,2,1,0.362,0.497,1.604,0
2812603,5,7,8,1,13,0.682,0.469,1.983,1
9551082,8,1,2,9,8,0.596,1.238,0.251,0
2766518,9,5,3,9,11,0.624,1.128,0.824,0
5738215,8,2,6,4,6,0.582,-0.044,0.973,1
7284048,8,3,6,9,14,0.215,-0.208,1.423,0
373103,8,6,5,7,14,0.352,1.161,0.572,0
7601351,8,6,8,9,1,0.441,0.677,1.483,0
4425136,5,3,3,8,6,0.695,0.917,0.099,0
1994863,5,4,3,6,0,0.434,1.072,0.385,0
2589999,5,3,4,8,13,0.463,1.343,1.589,1
9195628,1,2,5,9,1,0.898,0.417,1.599,0
4135620,8,6,5,5,1,0.797,1.38,0.041,0
126032,6,7,1,4,0,0.837,0.988,0.133,1
7859247,1,7,1,6,1,0.483,-0.106,1.602,0
660564,8,1,3,4,12,0.872,0.684,1.2,1
7128188,6,4,6,8,11,0.201,0.901,0.182,0
4069684,2,3,1,4,0,0.059,1.059,1.971,0
6550291,9,4,2,8,3,0.676,0.932,1.607,0
8335797,5,5,6,8,9,0.364,0.596,1.659,0
9414581,5,4,8,5,7,0.479,0.174,0.282,0
623428,5,8,7,7,7,0.059,-0.007,1.233,1
5399048,9,7,1,3,5,0.712,0.724,0.001,0
7505695,7,4,3,7,11,0.162,-0.22,0.583,0
7123544,9,4,8,4,13,0.182,1.019,0.077,0
5190807,1,7,8,9,4,0.259,0.078,1.953,1
5048995,8,8,2,2,12,0.68,0.191,1.934,1
6664959,5,9,8,9,7,0.811,1.445,0.27,0
7088291,8,1,8,9,3,0.771,0.154,0.348,0
5691023,5,1,1,4,2,0.926,0.711,0.855,1
2434774,2,4,2,6,4,0.679,0.658,0.825,1
3832562,8,4,5,6,3,0.531,0.972,0.002,0
3395299,7,8,4,8,11,0.746,1.002,1.323,0
1842234,7,1,2,1,1,0.868,0.901,1.613,1
3500959,6,3,2,9,13,0.693,0.636,1.369,1
6032754,2,7,7,2,7,0.884,0.393,1.162,1
4281650,2,2,6,3,12,0.85,0.529,0.615,1
1658371,9,8,9,2,2,0.843,0.229,1.653,1
1400137,3,5,8,4,7,0.463,0.766,0.349,1
9401969,9,1,7,7,1,0.262,0.667,1.383,0
7620558,7,2,4,3,4,0.771,0.505,1.613,0
9857318,9,1,5,1,3,0.114,0.42,1.051,0
9584457,3,8,4,7,7,0.4,0.775,1.875,0
6015692,3,6,7,5,0,0.626,0.462,0.954,1
6020563,2,2,8,4,10,0.466,1.12,1.299,0
9606802,6,4,6,2,14,0.626,1.066,1.063,0
3197285,8,1,8,6,6,0.405,1.026,1.748,1
1989328,6,3,4,3,8,0.853,0.612,0.35,1
9822868,7,2,6,9,11,0.388,0.059,1.697,0
9701359,6,7,2,3,12,0.795,0.032,1.863,0
5311305,5,5,6,8,0,0.596,0.063,1.133,1
3761999,5,4,8,4,0,0.639,0.394,1.153,1
2309150,3,5,6,3,11,0.066,0.239,0.605,1
5197071,8,8,7,4,7,0.879,1.12,1.893,0
1877819,6,8,8,1,0,0.912,-0.203,1.048,1
2655901,2,5,2,4,10,0.636,-0.043,0.951,1
1358987,1,8,8,2,13,0.299,0.341,0.262,1
6233402,5,8,5,9,14,0.553,0.957,0.627,0
2081031,6,6,6,6,5,0.608,0.649,1.525,1
3144025,9,4,8,8,7,0.432,1.375,1.321,0
4640940,2,2,2,7,13,0.93,0.724,0.469,1
7526618,5,2,5,4,9,0.611,0.636,0.287,0
7732249,7,8,8,4,13,0.162,0.571,0.771,0
2096939,4,9,2,1,0,0.062,-0.244,0.88,1
1110808,7,7,5,7,7,0.712,0.674,0.204,0
219632,5,2,2,1,2,0.251,0.287,1.218,1
440125,3,2,7,7,12,0.94,1.397,1.297,1
2378789,6,5,5,1,12,0.873,1.157,1.621,1
1569836,4,2,7,4,9,0.249,1.183,1.12,1
7918329,4,4,5,7,3,0.843,-0.25,0.209,1
6968027,6,3,7,3,14,0.388,0.015,0.943,0
3980568,4,9,9,8,11,0.357,1.472,1.184,0
6893032,4,1,8,9,9,0.771,0.415,1.479,0
6924618,9,5,6,9,9,0.182,0.509,1.842,0
8860402,3,3,3,3,12,0.329,0.514,0.864,0
1252852,1,5,1,1,1,0.686,0.654,0.901,1
6978009,7,4,2,4,1,0.052,-0.011,0.06,0
78262,4,3,3,7,4,0.919,1.139,0.401,1
2693250,2,9,8,2,5,0.143,0.233,0.831,1
1476067,4,5,3,2,8,0.243,0.732,0.901,1
1027176,6,4,7,5,10,0.316,1.057,1.792,1
7480271,3,8,5,2,5,0.812,1.124,0.575,0
8007751,6,2,2,1,11,0.145,1.486,1.685,0
1714283,3,6,3,7,8,0.241,0.862,1.186,1
8249319,8,3,6,6,11,0.915,-0.189,0.458,0
88909,5,4,6,5,11,0.173,1.219,1.766,1
3212422,2,8,3,4,2,0.318,1.347,1.639,0
1993062,9,8,8,1,7,0.873,0.279,0.386,1
2350068,1,8,2,8,11,0.937,0.135,0.513,1
2668988,2,9,9,3,6,0.92,0.507,1.194,1
7962211,7,3,7,2,2,0.107,0.921,1.628,0
7791797,4,8,1,8,9,0.305,0.55,1.408,0
6930864,7,6,9,8,9,0.358,0.589,0.975,0
9155676,3,8,1,7,10,0.744,0.383,1.266,0
5189149,3,2,5,2,4,0.247,0.217,1.182,1
9182488,9,3,9,8,13,0.212,0.573,1.095,0
3099443,4,2,8,8,14,0.344,0.232,1.355,1
8790675,2,4,1,9,13,0.745,1.006,1.799,0
1606959,8,1,9,4,10,0.3,0.287,0.791,1
3427054,5,6,6,7,0,0.807,0.108,1.687,1
3617044,5,7,2,3,2,0.559,-0.229,0.093,1
6161927,2,4,9,3,14,0.822,1.425,1.011,0
2427834,8,3,9,9,2,0.195,0.91,1.349,0
2921857,4,7,1,2,0,0.219,0.067,0.049,1
5042846,3,6,4,4,13,0.069,-0.148,0.741,1
2194941,3,2,5,7,7,0.366,-0.022,0.373,1
4360141,2,3,2,7,12,0.336,1.431,0.638,0
9969932,2,2,3,9,10,0.522,0.645,1.943,0
7013067,7,8,8,5,10,0.439,1.444,0.248,0
9631161,6,7,8,9,9,0.167,1.152,0.902,0
2925016,4,5,8,3,1,0.149,0.296,0.675,1
2600044,9,6,1,3,12,0.244,0.108,1.036,1
6452171,6,8,3,8,7,0.427,-0.215,0.746,1
7327271,7,1,6,1,5,0.895,0.319,1.915,1
5684701,4,1,4,5,5,0.719,0.797,0.937,1
1017147,2,3,7,1,2,0.463,0.934,1.22,1
8817781,5,4,8,6,11,0.936,1.34,0.753,0
5594237,6,2,7,2,10,0.181,0.323,1.419,1
8494101,9,5,6,9,5,0.942,0.093,1.99,0
3276864,3,2,3,4,12,0.729,0.468,1.61,1
6477335,6,9,6,5,6,0.255,0.367,0.042,0
4276525,4,6,3,7,11,0.619,0.827,0.622,0
6109947,7,7,8,6,6,0.486,0.339,1.884,1
2516407,1,4,8,8,3,0.116,0.788,1.877,1
879623,8,7,9,3,13,0.275,0.082,0.856,1
7347096,4,6,4,6,4,0.146,1.084,1.318,0
6663626,1,7,2,5,14,0.272,1.451,1.115,0
3282205,9,6,3,6,2,0.188,0.253,0.266,0
1023692,3,7,5,4,5,0.82,1.455,0.867,0
6643376,1,1,6,6,8,0.207,1.162,1.043,0
5899987,6,8,8,1,0,0.846,-0.013,0.598,1
5863188,2,7,5,1,1,0.212,-0.109,1.578,1
4954261,9,5,3,1,0,0.446,0.643,1.35,0
8187900,8,4,3,1,8,0.506,0.307,1.111,0
449108,1,3,2,6,11,0.683,0.704,1.824,1
2167854,2,4,4,8,14,0.256,0.94,1.446,1
1811375,2,6,5,6,7,0.25,1.038,1.598,1
6174679,6,2,5,8,0,0.562,1.34,1.344,0
6815109,9,3,9,4,0,0.143,0.77,0.839,0
5200241,6,4,4,6,1,0.767,1.495,0.475,0
363333,2,6,3,9,4,0.224,0.533,0.706,1
8391067,9,3,2,3,0,0.171,-0.067,1.536,1
4160705,8,2,8,6,14,0.352,-0.115,0.034,1
3262428,1,3,4,5,9,0.219,1.078,0.66,1
702925,3,7,9,8,10,0.71,0.742,0.184,1
1943455,3,1,2,2,6,0.924,0.18,1.936,1
3665732,7,4,9,9,4,0.72,0.56,1.221,1
5882629,6,7,7,2,14,0.808,1.098,1.849,0
8000849,8,9,4,5,12,0.59,-0.001,1.818,0
2468443,2,6,1,7,13,0.191,0.714,0.49,1
7753362,6,4,1,2,10,0.867,0.173,0.185,0
9278747,9,5,3,7,3,0.266,0.142,0.841,0
495290,3,4,5,8,13,0.688,0.765,1.723,1
6496779,4,8,4,4,8,0.576,0.324,1.478,1
3046544,1,2,9,7,2,0.831,1.19,0.968,1
1169442,6,5,3,7,11,0.555,-0.18,0.76,1
5888300,3,3,2,9,8,0.518,0.903,0.472,0
8032929,1,5,9,1,4,0.806,0.132,0.882,1
2216778,8,8,8,5,2,0.561,0.221,1.276,1
6137545,3,2,8,4,6,0.781,1.032,1.904,1
8131312,9,4,4,4,1,0.703,1.162,0.858,0
9222439,6,9,4,3,0,0.504,0.268,0.352,0
5023133,2,8,1,2,3,0.273,-0.124,1.918,1
4865291,2,4,6,4,14,0.151,0.787,0.571,0
2699634,2,4,2,6,6,0.708,0.118,0.084,1
5820121,8,9,7,8,7,0.749,-0.209,0.741,0
4446364,5,4,8,8,7,0.483,0.903,0.021,0
5853515,4,9,5,1,0,0.729,0.793,0.232,0
5606769,6,8,4,2,5,0.871,-0.102,0.436,0
9859412,8,4,7,1,4,0.377,0.569,1.454,0
9819265,7,3,9,2,7,0.139,1.24,0.77,0
9831887,3,5,7,8,8,0.524,-0.089,1.74,0
5072841,1,9,2,6,13,0.096,1.451,1.934,0
8635522,3,6,1,1,4,0.083,0.124,0.397,1
2086252,2,7,8,9,4,0.513,-0.097,1.523,1
9608313,7,7,3,5,0,0.88,0.937,1.828,0
7780170,2,1,8,3,11,0.863,0.739,1.892,1
650349,8,1,7,8,1,0.305,0.215,1.871,1
990717,3,1,2,9,1,0.881,1.444,1.529,1
1189180,8,1,8,2,1,0.494,-0.111,1.919,1
2411894,8,7,3,6,0,0.486,1.311,1.709,0
4739095,3,1,3,4,11,0.414,1.138,0.454,0
898838,5,3,7,3,8,0.718,0.828,0.43,1
4990013,1,3,4,1,10,0.31,1.129,1.875,1
5577178,5,7,6,6,0,0.765,1.03,0.453,0
8980833,8,1,9,9,11,0.38,1.165,0.648,0
1111917,9,3,4,3,6,0.65,0.652,0.103,1
6967130,8,9,9,8,7,0.597,-0.048,0.81,0
9910216,8,3,9,2,14,0.734,1.047,1.874,0
9662647,1,9,1,3,11,0.767,0.08,1.353,0
1337423,7,3,1,1,14,0.65,-0.186,1.991,1
6165087,7,9,4,9,8,0.846,0.58,0.434,0
4931332,4,8,3,2,1,0.749,1.119,0.662,0
8491574,7,5,1,6,7,0.618,1.478,1.532,0
2333538,7,7,2,5,7,0.522,1.233,0.733,0
4416835,9,2,5,5,1,0.569,0.58,0.396,0
8640948,9,2,3,1,6,0.644,0.312,1.711,0
6503966,8,1,3,8,6,0.909,-0.05,0.184,0
9724700,6,6,7,7,4,0.275,0.978,0.949,0
6301089,7,2,2,1,9,0.265,0.041,1.731,0
1286755,7,4,4,5,1,0.419,-0.242,0.322,1
2782172,9,9,3,6,14,0.373,0.137,0.719,0
155076,8,1,7,4,1,0.825,0.289,1.105,1
9471516,2,4,6,7,7,0.164,1.378,0.228,0
266570,4,8,4,8,9,0.303,0.18,0.591,1
9288142,7,9,2,2,7,0.358,0.049,1.997,0
2265789,5,1,7,6,4,0.192,1.348,0.028,0
8116994,6,9,5,6,14,0.686,0.122,0.207,0
6537097,2,6,6,3,14,0.734,1.366,1.305,0
2783959,6,2,6,9,3,0.898,-0.267,0.334,1
8385038,9,7,7,2,11,0.23,-0.029,1.397,0
4219087,3,7,6,5,2,0.104,1.048,1.465,0
1085942,8,1,8,5,3,0.645,0.079,0.182,1
3935113,1,5,9,9,10,0.314,1.455,0.596,1
3356280,4,9,1,3,14,0.203,0.953,1.877,0
7096090,7,3,5,5,6,0.159,1.471,1.934,0
3561024,5,3,8,9,6,0.518,1.012,0.06,0
1033753,2,6,3,8,7,0.44,1.121,0.502,1
74506,1,8,1,9,5,0.467,0.305,0.474,1
2448437,6,9,3,2,14,0.805,0.738,1.527,1
4595291,5,6,7,3,10,0.463,-0.211,1.518,1
4181711,1,4,3,2,11,0.541,0.856,0.694,1
6477121,8,6,8,4,14,0.21,0.659,0.39,0
3319971,6,8,2,9,0,0.874,0.334,0.272,1
6187626,4,7,7,2,9,0.66,0.468,0.412,0
3187401,6,1,6,6,2,0.864,0.749,0.909,1
9258948,1,9,2,7,3,0.842,0.594,1.927,0
8231514,8,6,8,2,13,0.291,0.516,1.768,0
5622639,9,2,2,8,8,0.657,0.631,1.928,0
1844245,3,8,4,3,3,0.165,0.093,0.14,1
1884026,4,7,8,5,7,0.315,1.195,0.208,1
6586012,3,3,6,2,9,0.644,0.883,0.65,1
3797254,9,3,7,9,11,0.849,1.208,0.622,0
5835196,7,4,1,3,6,0.329,1.446,1.202,0
3935444,8,4,1,6,12,0.222,1.243,1.945,0
6473506,6,6,2,2,4,0.778,0.492,1.179,0
2052947,6,7,7,9,13,0.354,-0.249,0.296,1
1865710,9,7,1,7,10,0.103,0.476,1.821,0
369708,2,3,9,3,5,0.487,-0.098,1.219,1
5594007,1,8,4,6,7,0.42,0.079,0.316,0
7111870,5,5,8,5,13,0.186,1.488,1.348,0
3548594,9,9,6,1,0,0.779,0.17,1.895,1
3146094,1,4,7,6,14,0.873,0.519,0.41,1
9334462,6,7,4,3,12,0.58,1.221,0.171,0
6317158,8,7,8,7,13,0.343,0.326,0.095,0
4579905,9,1,3,2,14,0.67,-0.078,1.417,1
965825,6,5,8,2,9,0.619,1.101,0.758,1
6013899,8,8,3,3,3,0.307,1.208,0.113,0
9556639,4,2,1,3,5,0.473,-0.16,1.653,1
4143993,6,1,7,6,5,0.389,0.292,0.429,1
1474256,2,2,5,9,8,0.573,-0.274,0.787,1
9720124,5,4,2,1,14,0.935,0.49,1.858,0
4196698,7,8,4,3,10,0.368,0.837,0.061,0
559905,7,4,1,9,0,0.205,0.368,1.534,1
3529926,7,8,4,2,9,0.41,0.852,0.882,0
8279390,9,6,8,7,14,0.426,1.002,1.543,0
5170826,5,4,3,1,8,0.829,0.194,0.436,1
9037625,9,4,5,4,14,0.236,1.236,1.461,0
4746617,5,1,8,6,14,0.671,0.516,1.702,1
9616157,5,9,2,1,5,0.915,-0.073,1.583,0
6057239,4,3,3,5,11,0.635,0.286,1.378,1
9338093,9,7,3,6,12,0.542,0.139,0.368,0
8104636,7,9,3,8,1,0.878,0.243,1.683,0
9594202,1,1,1,4,2,0.901,-0.087,1.469,0
7426954,1,4,7,6,3,0.844,0.885,0.461,0
3264159,5,6,6,7,0,0.415,0.61,1.266,1
3252556,6,4,1,4,3,0.261,0.341,1.816,1
1287358,1,6,5,9,13,0.481,0.719,0.981,1
4510001,8,8,2,3,11,0.52,0.793,0.617,0
2680982,6,5,5,6,4,0.77,1.26,1.846,1
2325908,8,4,2,8,3,0.175,1.242,1.405,0
1025635,9,1,7,2,12,0.397,0.222,0.864,1
3579083,7,9,1,1,5,0.413,-0.144,1.43,1
9525866,7,9,7,9,0,0.157,0.549,0.078,0
2242749,2,5,1,7,7,0.393,-0.26,1.399,1
3562966,8,3,6,3,8,0.444,1.395,1.455,0
9767355,5,8,9,2,2,0.454,1.425,0.069,0
7899008,2,5,2,1,13,0.928,0.709,0.25,0
3699960,2,4,7,8,14,0.701,1.077,1.694,1
5581696,8,2,2,3,13,0.2,1.342,0.184,0
7836687,3,7,2,7,14,0.245,1.452,0.048,0
2323558,1,7,2,7,5,0.255,0.272,1.29,1
7868106,8,6,4,1,1,0.318,0.843,1.997,0
2375927,1,5,5,3,1,0.843,0.622,0.963,1
7353883,6,7,7,2,11,0.81,1.287,1.566,0
5523797,2,7,7,9,6,0.444,1.279,0.546,0
8991657,8,9,6,7,2,0.829,0.008,0.346,0
1342751,6,6,7,4,0,0.506,0.213,1.653,1
4845490,4,4,5,2,5,0.449,0.905,1.179,1
6707418,4,5,4,4,6,0.77,0.023,1.966,1
4913156,6,9,4,2,4,0.528,0.628,0.653,0
5976305,8,7,6,6,12,0.416,1.328,1.526,0
2769752,3,4,8,3,11,0.173,-0.261,0.064,1
8216543,3,9,8,5,7,0.289,0.898,0.106,0
8119578,1,1,8,4,12,0.48,0.28,0.995,1
1015478,2,7,8,1,3,0.776,0.825,1.713,1
7342001,7,6,9,6,10,0.124,0.772,0.22,0
9702932,7,9,7,1,7,0.752,0.409,1.341,0
8103625,6,5,9,7,12,0.187,0.249,1.156,0
5333804,1,8,4,8,13,0.516,0.521,0.822,0
7056951,2,5,1,8,6,0.602,0.556,1.824,1
2627384,1,7,5,2,4,0.246,1.431,1.525,1
6867964,3,2,6,1,14,0.541,0.267,1.041,1
4177566,3,3,1,2,5,0.472,1.131,1.624,1
4720805,3,1,8,8,0,0.605,0.223,0.582,1
8607168,1,7,7,6,14,0.584,1.223,0.477,0
8425493,1,4,3,2,13,0.486,1.457,0.249,0
5789654,8,8,1,3,12,0.414,1.068,1.831,0
2089115,7,5,7,6,3,0.675,1.483,1.37,0
7113050,3,2,8,3,13,0.878,-0.144,0.628,1
4020603,7,5,7,2,9,0.753,0.824,0.592,1
2111437,2,7,8,8,11,0.065,1.333,1.603,1
9447071,9,6,2,3,6,0.21,0.832,0.652,0
5761889,1,1,2,3,10,0.845,1.463,0.52,0
6029739,3,1,7,4,8,0.476,1.261,1.447,0
4499470,8,6,5,1,13,0.732,0.509,0.823,1
3327084,5,1,7,5,14,0.845,-0.078,1.897,1
547517,5,9,3,3,9,0.645,0.689,1.475,1
9486027,9,1,9,2,9,0.328,0.669,1.977,0
6374050,5,7,1,7,2,0.352,0.888,0.626,0
7192877,2,5,7,9,11,0.758,0.822,1.243,0
3122186,9,6,3,5,6,0.654,1.395,0.957,0
632305,5,4,2,1,9,0.072,1.068,1.385,1
3624746,8,9,1,1,2,0.384,0.057,0.138,0
8264408,4,2,2,2,0,0.634,0.128,1.561,0
3615689,1,3,1,9,7,0.187,-0.077,1.218,1
896975,9,4,2,6,5,0.693,0.708,0.318,1
4717698,5,5,7,3,6,0.471,-0.269,0.707,1
4345960,1,5,6,3,4,0.729,0.452,1.992,1
8406397,5,9,1,3,5,0.402,1.099,1.521,0
7539373,6,7,4,5,11,0.051,0.99,0.382,0
6554291,1,1,5,2,10,0.856,-0.095,0.664,1
6778413,7,5,5,1,11,0.434,-0.264,0.876,1
3263754,1,6,9,3,6,0.436,1.254,0.384,1
4544889,7,6,3,2,10,0.071,0.665,1.528,1
3556992,9,5,9,2,3,0.098,-0.207,0.0,1
5917963,6,7,3,2,10,0.7,1.251,0.003,0
8423441,9,2,9,1,10,0.532,1.173,0.709,0
4613204,1,1,2,6,3,0.341,0.978,0.691,0
6173584,3,6,3,2,1,0.27,0.19,0.864,0
332932,9,4,1,3,2,0.579,1.148,1.823,1
6903420,1,8,1,3,5,0.51,0.818,0.922,0
4186869,9,2,7,8,14,0.719,0.898,1.507,1
1165445,1,5,3,3,4,0.337,0.114,0.081,1
8895908,7,7,9,9,13,0.528,0.576,0.113,0
2692376,8,6,2,3,7,0.875,0.993,0.169,1
9485869,2,4,3,4,5,0.817,0.871,1.584,0
3410489,1,8,2,1,11,0.214,0.076,0.241,1
2490348,5,8,1,9,0,0.291,1.39,1.554,0
899215,5,8,3,7,1,0.096,1.183,1.013,0
1490383,7,8,8,9,8,0.654,-0.077,1.827,1
2132265,4,5,5,7,13,0.581,0.576,0.154,0
7654380,9,2,3,9,10,0.482,0.939,1.921,0
6056377,2,1,9,5,4,0.243,-0.101,1.922,1
3120191,3,1,1,6,8,0.628,0.196,1.38,1
904080,6,2,7,9,4,0.294,0.154,1.151,1
996713,8,5,8,5,6,0.658,0.673,0.952,1
8907507,5,9,3,9,1,0.367,-0.003,1.01,0
1778053,6,6,4,7,6,0.413,0.764,1.768,1
1466267,4,8,1,8,10,0.374,0.387,0.944,1
7348261,5,9,3,5,0,0.649,0.354,0.525,0
5153633,5,7,3,6,13,0.317,-0.13,1.322,1
4439988,7,5,5,4,9,0.242,0.647,1.458,1
6919658,6,7,4,8,1,0.344,-0.134,0.95,1
3384731,2,8,7,9,4,0.593,0.366,0.363,1
8003039,5,5,8,3,13,0.575,1.14,1.139,0
8671771,8,2,4,9,11,0.736,0.857,0.049,0
6004611,9,9,4,9,7,0.195,-0.222,0.217,0
2281470,6,3,1,2,7,0.579,0.139,0.917,1
4175269,9,1,9,8,4,0.508,1.299,0.748,0
4991253,6,8,7,9,5,0.556,1.439,1.261,0
3871186,1,8,9,6,12,0.102,0.571,0.788,1
1678950,9,7,6,4,14,0.266,-0.233,0.015,1
3196851,6,6,2,9,14,0.869,0.233,0.774,1
2270281,9,8,3,6,6,0.426,0.858,1.026,0
3802117,3,9,5,1,12,0.113,-0.161,1.187,1
3025972,3,1,3,7,5,0.743,0.179,1.698,1
557717,4,3,6,6,3,0.206,1.063,1.356,1
9096107,8,4,9,6,11,0.941,1.001,1.818,0
2343294,8,7,6,4,2,0.893,0.548,1.616,1
1381740,6,5,8,1,12,0.223,1.009,1.507,1
6286905,1,8,1,1,9,0.852,0.768,0.505,0
147518,7,4,3,9,9,0.901,0.283,1.157,1
3276536,5,1,5,2,1,0.118,1.423,0.292,0
9718328,3,4,3,7,9,0.912,0.484,1.586,0
2809666,9,5,2,4,0,0.514,1.396,1.37,0
7194954,6,2,8,9,8,0.084,1.211,1.53,0
6256876,2,6,6,3,7,0.919,0.995,0.539,1
6283311,3,6,4,9,8,0.249,0.677,1.665,0
6770723,2,5,7,1,10,0.722,1.293,1.141,0
9630519,7,8,2,3,2,0.613,0.97,1.015,0
1219236,2,9,5,5,11,0.798,0.927,0.304,1
1044737,8,4,4,8,10,0.33,0.415,1.273,1
157185,5,8,8,5,13,0.168,0.932,0.95,1
9426445,8,8,3,9,4,0.819,-0.268,1.342,0
4441135,9,2,1,6,11,0.36,1.37,0.883,0
536947,4,7,9,8,13,0.082,0.115,1.629,1
3181287,4,6,6,8,8,0.197,0.357,0.53,1
4872441,6,3,9,4,6,0.494,0.48,1.974,1
8150798,7,9,9,7,0,0.303,1.162,1.959,0
9378718,5,7,6,5,14,0.289,0.677,1.248,0
4050875,5,9,4,6,3,0.355,0.933,0.653,0
9695737,1,6,5,4,11,0.181,0.564,1.75,0
5292839,2,1,3,7,6,0.782,0.157,1.994,1
9823304,6,9,9,9,1,0.275,0.363,0.477,0
3291383,3,5,4,4,4,0.149,0.332,1.857,1
8054678,4,2,9,1,7,0.092,0.645,0.125,0
195492,1,2,1,8,7,0.247,0.278,1.27,1
9123333,1,7,6,4,4,0.224,-0.024,0.927,0
262528,5,3,5,2,8,0.634,-0.176,1.354,1
1449138,7,6,3,5,8,0.373,1.172,1.121,1
8219609,1,5,3,7,14,0.108,1.412,0.861,0
6686617,6,9,9,6,5,0.681,0.017,1.057,1
5783682,4,9,7,6,4,0.81,-0.143,0.409,0
3615162,8,6,4,6,14,0.854,0.316,0.198,0
4500350,8,7,1,3,8,0.406,1.16,0.41,0
6053402,8,2,3,6,10,0.515,-0.103,0.89,0
1280612,2,9,3,5,0,0.119,0.497,1.977,1
5332252,8,7,8,9,0,0.142,1.296,1.49,0
8030412,6,4,8,5,10,0.08,-0.056,1.364,0
417968,9,4,7,4,12,0.835,1.137,0.112,1
9360132,2,5,4,2,5,0.57,1.462,1.575,0
2650622,7,2,2,5,12,0.92,0.883,0.538,1
8842002,1,3,2,9,14,0.266,1.05,0.542,0
5177926,4,9,7,7,5,0.525,1.223,1.466,1
1965892,5,3,8,2,1,0.435,-0.111,1.37,1
7859933,2,5,5,3,1,0.733,0.145,1.447,1
4453326,3,1,7,7,10,0.374,0.768,1.441,1
6385496,4,8,8,6,8,0.94,0.375,0.507,0
6609788,9,3,6,1,8,0.665,0.252,1.134,1
5891364,2,7,3,1,5,0.369,0.05,0.721,1
8468000,6,5,7,5,12,0.686,1.012,1.567,0
4930676,3,6,5,7,7,0.292,0.551,0.337,1
8409518,6,2,6,1,1,0.322,0.864,1.056,0
3578928,4,4,8,9,13,0.467,0.469,1.243,1
389007,2,5,3,4,9,0.302,-0.229,1.155,1
2217839,5,6,5,3,13,0.949,0.624,1.156,1
2776148,6,8,4,2,1,0.201,0.666,0.282,1
5487560,8,3,4,9,12,0.804,0.667,0.06,0
439947,9,2,3,2,9,0.903,0.002,1.724,1
8434702,9,4,8,9,0,0.062,1.221,1.986,0
7531851,1,7,8,2,8,0.236,0.823,1.953,0
1419831,6,4,6,1,7,0.275,0.146,0.025,1
5140829,9,8,8,7,10,0.629,0.976,1.868,0
714835,4,7,3,2,11,0.857,0.858,1.841,1
2132688,3,7,7,7,0,0.879,1.341,0.87,1
3160287,3,6,9,6,0,0.107,0.899,0.769,1
5959599,7,3,7,6,2,0.159,0.778,0.758,0
1124840,2,7,5,3,14,0.491,-0.269,0.683,1
3480782,8,3,5,2,3,0.093,1.397,0.303,0
8111201,6,4,2,8,3,0.528,0.822,1.605,0
1374209,7,5,7,8,1,0.115,0.975,1.157,1
7674100,8,9,6,9,10,0.26,0.397,0.796,0
6935560,3,1,2,7,4,0.644,0.64,1.2,0
577735,5,5,1,1,13,0.37,0.43,1.738,1
1843556,8,7,3,3,3,0.904,0.1,0.518,1
911257,3,8,4,4,12,0.581,0.836,1.871,0
9852008,4,9,1,1,0,0.865,-0.059,0.846,0
4269540,2,8,8,6,3,0.772,1.373,1.89,1
1574174,8,3,9,2,5,0.553,0.603,1.507,1
1096777,4,1,3,8,10,0.845,0.388,1.338,1
8676056,2,5,2,3,1,0.092,1.291,0.278,0
3338544,6,8,2,4,8,0.63,0.183,0.173,0
3656920,8,9,4,9,13,0.934,0.69,0.911,0
8206320,2,2,7,1,5,0.271,0.649,1.512,0
8053974,2,1,6,1,7,0.478,0.896,1.582,1
9810169,4,5,7,8,8,0.64,-0.265,0.64,0
1537869,2,9,9,8,12,0.808,0.357,0.558,1
9464935,9,7,4,4,0,0.903,-0.28,0.325,0
1928880,7,5,5,8,6,0.819,-0.033,1.125,1
9743431,7,9,8,9,3,0.589,1.09,1.75,0
7091262,5,9,8,6,1,0.556,-0.261,1.358,0
6522992,1,2,4,4,5,0.174,0.536,0.69,1
2960288,4,7,1,4,3,0.134,0.701,1.742,1
5892659,3,7,6,5,14,0.758,0.998,0.664,0
3053271,9,7,6,5,1,0.079,1.145,0.549,0
9535557,7,7,4,4,5,0.464,1.025,0.865,0
7539793,5,7,9,2,4,0.411,0.924,0.636,0
4755759,7,1,4,4,11,0.737,1.482,1.63,0
9846070,4,4,2,2,0,0.728,0.979,1.511,0
7302422,3,6,5,3,0,0.471,0.156,0.885,1
4279573,2,4,2,5,6,0.119,0.087,1.219,1
7080158,3,5,9,5,6,0.489,1.419,0.467,0
4763814,9,5,4,7,1,0.188,0.372,1.78,0
4285517,8,7,2,2,5,0.482,0.108,0.815,1
4220562,7,4,2,9,13,0.325,0.672,0.351,0
1176123,7,6,6,4,12,0.56,0.134,1.783,1
5033982,9,8,2,9,13,0.434,0.271,1.911,0
5690297,5,5,8,9,14,0.673,0.726,0.313,0
1103241,9,3,9,8,6,0.657,0.201,0.783,1
9531136,2,5,4,3,14,0.89,1.125,1.584,0
4020503,5,8,1,4,9,0.433,1.13,0.007,0
4752682,5,5,8,1,0,0.551,0.458,1.809,1
8097981,5,4,6,1,4,0.305,0.034,1.568,1
7634882,6,2,8,8,4,0.192,0.809,0.956,0
9993942,1,3,2,8,2,0.665,1.335,0.982,0
2707316,6,7,2,7,6,0.389,0.021,0.353,1
2656261,1,8,9,4,5,0.202,1.007,1.998,1
546942,7,4,7,9,13,0.702,0.981,1.151,1
4948114,2,4,4,3,6,0.592,-0.067,0.811,1
3386916,6,7,7,9,5,0.4,-0.018,0.912,1
2584979,7,7,9,5,13,0.848,1.122,0.15,1
8846276,7,1,5,6,8,0.509,0.574,1.724,0
9870674,4,8,4,5,3,0.506,0.649,1.5,0
2614325,7,3,5,4,0,0.463,0.948,1.158,1
5557062,7,6,4,4,11,0.345,0.127,0.4,0
8510171,2,8,4,2,13,0.589,1.279,0.902,0
3735001,9,9,3,3,6,0.884,1.242,0.175,0
9485639,6,1,6,9,12,0.312,1.43,1.603,0
8835798,6,9,5,9,14,0.341,1.26,0.616,0
9594933,2,6,4,6,2,0.392,0.525,1.125,0
6464012,7,8,7,4,0,0.447,0.801,1.562,0
7916678,5,2,7,4,13,0.787,-0.228,1.308,1
6619074,5,6,6,5,12,0.945,0.677,1.297,0
2339491,1,6,8,9,1,0.406,0.798,0.506,1
4842768,8,4,5,3,5,0.68,1.495,1.422,0
9038209,9,1,2,1,9,0.808,-0.212,1.68,1
4746574,3,4,4,4,8,0.68,1.396,1.96,1
1243673,6,4,4,6,10,0.14,0.309,1.333,1
9979605,4,2,6,3,4,0.183,0.074,0.326,0
2124621,8,4,4,6,2,0.31,0.654,1.694,1
9283018,4,9,9,2,12,0.313,0.274,1.137,0
1780041,6,5,1,4,14,0.545,1.316,0.337,0
8634737,5,8,8,5,0,0.395,0.184,1.436,0
2517811,5,1,9,3,1,0.219,0.148,1.731,1
1843205,1,1,1,1,13,0.267,0.933,1.617,1
4193981,1,9,5,3,0,0.436,0.464,0.979,1
6383254,6,3,6,6,10,0.241,0.599,1.34,0
4102971,9,3,6,8,14,0.277,0.431,0.645,1
7184566,3,8,1,2,0,0.437,0.32,1.176,0
5021228,5,7,3,1,12,0.251,0.375,0.008,1
4676261,9,6,4,6,7,0.785,1.001,0.256,0
7558286,6,4,9,1,1,0.247,0.649,0.608,0
1260281,3,2,8,3,10,0.171,1.281,0.04,1
6244035,6,3,8,9,7,0.915,-0.124,0.923,1
5853774,6,6,9,6,0,0.63,1.377,1.912,0
9042004,6,5,7,3,1,0.318,0.673,1.025,0
5300664,6,4,5,8,5,0.548,0.887,1.046,1
3440064,2,6,1,3,8,0.617,0.911,0.044,1
6700490,5,3,6,4,5,0.721,-0.283,1.026,1
7174197,6,1,4,2,8,0.422,1.377,0.688,0
9712069,2,6,9,6,5,0.81,0.112,1.452,0
8579624,7,8,2,8,0,0.63,-0.237,0.973,0
9524349,7,8,2,1,13,0.438,0.848,0.671,0
3554520,5,5,2,8,5,0.085,0.992,1.246,0
4147135,3,9,2,8,7,0.784,0.183,0.561,0
3877990,7,2,1,9,4,0.35,-0.292,0.989,1
9963419,1,1,7,5,6,0.423,0.444,0.194,0
7822569,7,9,2,4,2,0.611,0.576,0.004,0
2414601,7,3,8,6,0,0.405,0.1,0.775,1
267311,4,1,6,9,6,0.782,1.281,0.074,1
635113,4,7,6,7,1,0.394,-0.145,0.906,1
3024722,5,1,7,4,5,0.623,0.552,1.125,1
4058539,6,9,1,7,7,0.521,1.467,1.542,0
524794,8,4,9,5,6,0.26,0.751,0.339,1
2589970,9,8,8,1,9,0.33,0.358,0.025,0
4749605,9,4,3,7,10,0.736,0.427,0.036,0
1521712,9,3,7,9,13,0.317,0.066,1.024,1
1184873,5,2,7,3,9,0.926,1.058,1.814,1
5908620,9,3,5,1,6,0.593,0.023,1.998,1
6602910,3,5,2,6,0,0.084,0.495,1.931,0
9246340,3,7,5,4,8,0.766,0.077,0.392,0
896411,7,4,5,7,9,0.218,0.252,1.347,1
3077380,8,8,8,7,5,0.402,0.765,0.824,1
6409966,5,7,5,6,4,0.621,0.984,1.37,0
3515014,1,7,9,7,6,0.688,0.771,0.176,0
4178740,5,9,8,2,5,0.409,0.294,1.425,1
3423549,6,9,3,5,4,0.315,0.421,1.025,1
4038053,6,5,1,4,14,0.124,1.231,1.561,0
123528,1,3,8,2,1,0.111,1.058,1.988,1
2165678,9,7,1,3,5,0.798,1.012,0.401,1
2586639,8,9,7,1,5,0.557,-0.169,0.243,1
7168066,7,4,6,1,6,0.871,0.393,0.662,0
8986621,4,7,3,8,14,0.758,0.045,1.036,0
5121731,5,6,7,5,10,0.426,0.059,0.254,1
5793545,7,3,4,1,11,0.075,0.99,0.835,0
1772954,8,7,1,1,13,0.608,1.0,0.8,1
4484559,9,7,8,6,9,0.174,1.321,0.248,0
5600075,3,9,2,9,3,0.834,-0.1,1.521,0
8134235,7,8,7,3,4,0.206,-0.036,0.43,0
3792167,5,1,8,5,14,0.297,-0.275,0.072,1
3535638,1,3,5,5,4,0.59,1.081,0.32,1
6519903,7,3,9,4,11,0.382,1.391,1.56,0
125125,2,5,7,9,14,0.464,0.305,1.169,1
2602419,5,1,8,5,7,0.635,1.283,1.304,1
4543977,7,3,7,3,14,0.656,0.899,1.659,1
6539910,1,8,7,8,14,0.519,1.276,1.708,0
3987739,4,6,9,3,8,0.188,1.017,0.53,0
3271522,7,1,8,7,14,0.509,1.014,0.506,1
8488480,5,2,8,8,8,0.073,0.179,1.093,0
3456579,7,5,2,6,1,0.247,1.463,0.02,0
3591589,1,4,8,7,12,0.56,0.581,1.936,1
691341,3,9,8,8,2,0.833,0.485,1.638,1
4071643,5,4,3,9,3,0.781,0.788,1.293,1
7738648,3,1,5,6,0,0.803,-0.278,1.446,1
584757,5,5,7,2,2,0.852,-0.286,1.373,1
875001,7,2,7,9,2,0.616,-0.105,1.819,1
6865290,1,1,4,5,6,0.661,-0.113,1.096,1
8011896,6,3,4,9,6,0.266,1.437,1.454,0
1621917,1,8,3,8,2,0.926,1.159,1.076,1
3745658,2,5,2,8,11,0.63,1.279,0.894,0
4805620,3,8,6,3,5,0.884,0.211,1.789,1
3803936,2,4,6,4,14,0.256,1.107,1.225,1
2847825,6,2,9,8,9,0.468,1.488,1.31,1
129555,1,1,9,8,11,0.524,0.858,1.249,1
3597881,7,1,5,1,8,0.925,0.646,0.423,1
6582204,6,3,2,4,6,0.343,1.144,0.784,0
1367899,6,7,4,9,3,0.631,0.505,0.499,0
6659349,1,9,8,5,2,0.117,-0.144,1.096,1
4442208,7,2,2,3,7,0.786,0.126,1.482,1
6524167,2,2,2,4,2,0.556,0.134,0.23,1
661492,1,8,8,3,7,0.843,1.056,1.984,1
4336097,1,6,8,5,14,0.735,0.452,1.065,1
2107908,9,9,7,7,2,0.456,1.098,0.055,0
5376449,1,2,2,4,8,0.523,1.425,0.451,1
3081001,6,1,4,6,5,0.687,0.4,0.466,1
6668714,5,4,6,2,2,0.405,1.151,0.802,1
2972642,4,3,7,5,14,0.784,0.619,0.628,1
7607709,6,8,2,4,8,0.459,0.393,0.191,0
1869434,2,2,5,8,13,0.592,1.243,1.4,1
9692691,7,8,3,7,10,0.829,-0.137,0.763,0
7682213,9,2,2,9,10,0.331,0.907,1.222,0
2967170,1,4,1,3,7,0.432,0.078,0.328,1
2115439,3,9,5,7,10,0.83,1.119,0.271,0
7064311,4,3,7,8,4,0.511,1.369,0.55,0
2452607,6,5,2,2,12,0.127,1.291,0.603,1
8670754,3,2,2,3,7,0.257,0.448,0.655,0
8467324,5,1,5,4,10,0.67,0.784,1.375,1
4271015,3,4,7,8,14,0.936,0.044,0.523,1
5141315,9,7,5,1,7,0.534,-0.079,1.449,1
6736406,2,5,7,9,1,0.948,0.835,1.425,0
7827302,6,4,1,3,2,0.198,1.065,0.976,0
6915023,5,4,7,9,0,0.104,0.93,1.69,0
573334,7,2,4,2,14,0.685,0.012,0.895,1
4725733,7,2,5,8,4,0.347,-0.241,0.925,1
4559727,5,4,1,5,9,0.468,1.354,0.075,0
6041701,5,5,1,9,0,0.671,-0.274,1.824,1
6848173,3,8,3,2,8,0.59,1.018,0.712,1
9816901,7,1,4,8,9,0.606,0.858,0.093,0
1027923,8,8,1,6,3,0.356,1.432,0.664,0
2696622,7,9,3,2,9,0.136,1.408,1.469,0
4600558,9,3,7,6,4,0.684,0.359,0.275,0
2929594,3,1,7,6,6,0.302,-0.109,1.18,1
7432564,7,4,5,5,6,0.182,0.302,0.07,0
3350848,3,8,8,4,8,0.12,1.466,0.441,1
7129817,8,9,4,1,8,0.277,0.79,0.35,0
9588541,9,4,1,8,3,0.468,0.293,0.07,0
6779173,7,5,1,2,14,0.725,1.258,0.611,0
2690811,9,5,9,6,11,0.871,-0.287,1.541,1
2484553,2,2,6,3,7,0.38,-0.085,1.524,1
8639261,6,7,2,4,8,0.146,0.168,0.858,0
1875588,6,9,6,6,5,0.478,-0.295,0.442,1
7032766,5,9,2,4,9,0.734,0.625,0.309,0
2598317,1,3,1,5,13,0.879,0.272,1.616,1
3790824,2,7,2,4,7,0.243,1.075,1.831,0
3605554,1,1,5,1,0,0.601,0.558,0.049,1
1624914,8,1,2,3,10,0.949,-0.108,1.971,1
6611564,5,5,4,7,3,0.729,0.316,1.068,1
292655,9,1,2,6,2,0.575,0.019,0.765,1
8185126,8,5,5,6,3,0.749,0.515,0.24,0
7939940,2,7,6,8,1,0.3,1.366,0.193,0
2169411,2,3,1,2,1,0.344,0.848,1.63,1
7051858,1,4,7,6,3,0.616,0.197,1.744,1
9312391,6,6,9,4,11,0.854,-0.16,1.147,1
5629771,6,7,6,6,10,0.902,1.465,0.893,0
412712,9,6,7,6,7,0.381,0.213,0.418,1
7743171,7,5,2,3,1,0.652,0.531,0.118,0
2547621,6,9,5,5,9,0.098,0.783,1.02,0
6160124,1,6,2,7,4,0.849,1.384,0.053,0
6907638,7,1,3,1,14,0.784,0.702,1.735,1
7801830,5,3,2,7,0,0.051,-0.191,0.221,0
3556459,7,8,4,4,4,0.927,0.336,0.405,1
9627397,7,4,9,1,12,0.081,0.672,1.821,0
1111069,3,2,3,7,5,0.735,0.263,1.027,1
5784697,4,2,3,5,0,0.168,-0.151,1.342,1
4612088,7,5,6,7,1,0.303,1.066,1.029,0
2711251,2,1,1,5,1,0.696,0.573,1.772,1
8690706,5,1,6,6,14,0.148,0.985,0.769,0
6186031,1,9,4,4,1,0.509,0.689,1.268,0
1227648,5,2,6,8,11,0.833,1.155,1.334,1
7520484,7,8,1,8,0,0.467,0.66,0.393,0
2346987,2,4,3,6,2,0.941,1.01,0.255,1
410501,8,3,4,4,6,0.384,0.848,1.693,1
6356901,7,6,1,2,3,0.238,-0.039,0.115,0
8733026,8,3,9,5,6,0.169,0.751,1.612,0
4085878,8,4,8,5,0,0.169,0.152,1.01,1
6996936,5,4,6,2,10,0.136,1.101,0.512,0
2106785,2,6,3,5,6,0.557,-0.001,1.966,1
5939462,1,7,3,9,9,0.304,1.107,1.28,0
3028461,9,1,6,4,6,0.749,1.422,1.997,1
777698,3,4,4,3,3,0.759,0.018,1.852,1
8797414,5,2,4,2,11,0.144,0.681,0.774,0
3243098,6,8,4,4,2,0.51,0.914,0.716,1
2052273,8,3,2,7,13,0.068,1.017,1.416,0
4099679,6,1,9,4,14,0.884,0.421,1.679,1
5580988,1,2,5,2,0,0.815,0.397,0.399,1
4445518,8,2,3,8,12,0.455,1.142,0.31,0
4075741,1,3,2,2,8,0.671,0.22,1.6,1
4579338,6,2,2,5,11,0.37,0.394,1.142,1
7795191,4,3,1,5,2,0.475,0.269,1.1,1
8968619,4,8,9,5,0,0.104,0.59,1.954,0
5469246,6,3,9,1,6,0.776,1.41,1.198,0
2424856,6,9,1,2,9,0.175,-0.171,0.218,0
5396380,7,7,3,3,13,0.829,0.71,0.234,0
3005833,4,3,7,1,6,0.437,-0.025,1.929,1
9220564,9,9,2,6,13,0.204,-0.086,1.311,0
3878542,5,5,6,3,9,0.129,1.466,1.807,1
9117487,3,1,9,1,10,0.919,1.186,1.395,0
5838640,9,6,1,5,5,0.854,0.811,0.282,0
5058051,7,8,3,1,4,0.097,0.331,0.084,0
9586966,4,2,3,4,9,0.65,1.409,0.951,0
654083,7,1,7,5,10,0.802,0.565,0.185,1
7691829,9,1,6,4,14,0.818,0.243,1.115,0
6272224,6,8,3,4,14,0.152,-0.295,1.536,0
5064058,9,6,6,9,9,0.654,0.816,0.03,0
945534,1,9,7,5,11,0.763,0.553,0.344,1
2348091,9,4,4,5,1,0.823,1.042,1.961,1
7719051,2,1,2,6,14,0.16,1.173,1.729,0
1081020,2,7,5,2,10,0.809,0.451,1.645,1
2539033,6,5,9,4,13,0.169,0.096,0.911,1
840708,5,5,3,2,4,0.591,0.825,0.403,1
503329,2,1,2,9,2,0.693,0.301,1.483,1
3831623,3,2,7,1,5,0.706,1.325,1.163,1
8494378,3,2,9,5,1,0.437,0.934,0.189,0
5155205,7,8,1,9,14,0.097,1.101,1.385,0
3430627,9,3,4,1,13,0.443,-0.128,1.989,1
5889932,8,4,9,3,6,0.811,1.267,1.224,1
4475560,2,7,3,9,9,0.855,0.806,0.372,0
7947158,4,8,5,6,8,0.394,1.028,0.605,0
7793095,9,6,8,5,4,0.678,1.193,0.512,0
3921377,6,3,4,1,13,0.156,0.635,0.947,0
7551918,1,7,8,7,6,0.189,-0.064,1.807,1
211059,7,7,7,3,9,0.084,0.379,1.005,1
4274107,1,7,3,6,11,0.236,1.328,0.522,0
8163755,8,8,3,8,4,0.645,1.027,0.013,0
3758838,7,5,1,3,10,0.92,-0.287,1.368,1
4157680,1,9,1,4,2,0.063,-0.208,0.766,1
5816741,9,7,1,1,4,0.258,-0.284,0.991,0
8268591,2,9,1,1,0,0.288,1.065,1.752,0
8423345,9,6,8,6,13,0.921,-0.069,0.284,0
3930707,3,3,9,4,12,0.532,-0.127,1.936,1
8875198,5,9,3,3,10,0.643,0.667,1.13,0
2861975,5,9,2,7,6,0.094,0.375,1.431,1
3591512,6,7,6,9,0,0.055,0.361,0.293,0
7052191,5,9,1,7,3,0.63,0.927,0.376,0
6645690,7,7,4,6,6,0.709,0.972,1.525,0
6925510,9,8,8,1,7,0.466,-0.004,0.133,0
5803769,7,1,7,1,0,0.349,0.378,1.34,1
7141850,3,2,7,8,2,0.068,0.246,1.543,1
9262762,1,7,5,2,1,0.445,1.137,0.269,0
6702236,1,8,2,2,7,0.527,1.07,0.367,0
3385731,9,7,9,8,3,0.556,1.445,1.422,1
873688,8,2,6,8,9,0.491,0.019,1.308,1
7767399,3,7,5,4,0,0.931,0.011,1.474,1
3034502,7,5,7,4,1,0.269,0.866,0.11,0
5759076,7,7,7,3,5,0.332,-0.3,0.008,1
9439156,1,1,9,7,5,0.692,1.272,0.898,0
3919868,6,4,2,7,4,0.496,0.605,1.687,1
1657041,4,5,4,1,1,0.848,0.942,0.08,1
3774477,8,5,3,7,3,0.853,0.693,0.516,0
6390904,9,9,5,7,14,0.249,0.226,1.512,0
8805416,6,7,7,7,10,0.903,1.372,1.31,0
703479,1,7,6,7,12,0.828,1.379,0.842,1
8056440,3,6,8,6,14,0.608,0.401,0.32,0
8563842,7,9,3,1,10,0.755,0.587,0.553,0
4469915,6,8,6,8,12,0.372,0.214,0.998,0
5199012,3,5,1,4,1,0.514,1.04,0.825,1
1891559,8,3,1,1,11,0.656,0.598,1.396,1
8108885,2,5,6,1,13,0.28,1.375,1.448,0
3751885,3,3,2,5,6,0.234,0.134,0.941,1
5347145,1,7,5,8,2,0.768,0.698,0.136,0
9818931,7,1,6,2,12,0.415,-0.022,1.01,0
9387768,2,3,5,9,4,0.554,1.429,1.329,0
386689,1,5,4,4,3,0.715,0.145,1.596,1
372404,5,5,9,1,12,0.151,0.664,1.343,1
2598702,2,3,9,3,0,0.809,0.22,0.569,1
4994696,6,6,5,6,12,0.057,-0.196,0.366,0
695978,7,6,7,3,9,0.72,0.686,1.728,1
6898322,4,9,4,3,8,0.103,0.878,0.154,0
9128552,2,5,8,7,14,0.809,-0.283,1.79,1
2275933,7,7,8,5,0,0.077,1.084,1.834,0
2975888,5,2,4,7,9,0.393,0.005,0.283,1
7043662,3,3,8,4,0,0.448,1.056,1.381,0
7895747,6,7,6,5,3,0.264,-0.252,0.058,0
9351538,7,2,8,8,3,0.912,0.12,1.304,0
1728509,8,1,4,1,7,0.845,-0.113,1.375,1
2427525,9,1,2,6,9,0.934,0.866,0.266,1
6125159,6,7,2,8,11,0.23,0.128,1.869,0
6831961,5,6,9,5,10,0.629,0.461,2.0,0
646178,4,5,5,9,1,0.557,1.04,0.4,1
3359371,3,2,4,5,4,0.794,1.499,0.951,0
6247195,1,1,1,1,13,0.817,0.689,1.412,1
4979544,6,2,2,6,2,0.634,0.245,0.64,1
3582800,7,7,2,5,8,0.261,0.714,0.613,0
5694408,6,4,9,6,7,0.133,1.28,1.901,0
5567560,7,3,1,2,13,0.798,0.484,1.599,1
360231,8,5,2,2,4,0.699,0.504,0.536,1
3417048,8,5,9,8,12,0.491,0.257,1.711,0
4522557,8,6,7,8,3,0.44,0.699,1.815,0
5824429,4,1,1,5,9,0.705,0.255,0.948,1
5544320,7,3,5,2,13,0.847,0.262,0.716,1
5147104,5,5,3,5,8,0.71,0.906,1.426,0
5208134,4,5,4,9,9,0.268,0.263,1.703,1
86042,6,8,3,3,14,0.906,0.636,0.007,1
9966298,5,1,2,6,2,0.82,0.323,1.952,0
2941170,8,2,4,6,8,0.42,1.069,1.451,1
7585691,7,6,4,1,3,0.09,1.063,0.396,0
6544542,2,1,8,5,7,0.087,1.017,1.022,1
9706099,9,4,9,6,11,0.396,-0.188,1.977,0
4636112,7,5,8,4,2,0.611,0.534,1.002,0
825768,8,7,2,8,13,0.662,1.31,0.921,1
9335226,9,8,4,1,6,0.914,0.698,1.135,0
3951916,2,5,7,8,11,0.558,0.873,1.59,1
7244345,6,3,5,9,14,0.189,0.368,1.444,0
5056853,5,3,5,6,10,0.089,1.42,1.429,0
149505,4,1,8,5,14,0.748,0.539,1.995,1
6394098,1,9,8,8,5,0.639,1.155,1.23,0
569439,2,6,6,2,14,0.523,0.147,0.403,1
3606558,3,3,4,3,6,0.082,-0.241,1.591,1
4459896,6,7,6,3,4,0.182,0.514,0.679,0
8034434,3,6,9,1,6,0.717,1.01,1.981,1
6519200,4,9,2,5,2,0.723,0.625,1.714,0
6984091,5,8,9,9,14,0.911,1.237,0.942,0
864351,1,7,3,4,12,0.327,0.63,1.099,1
7906518,7,9,1,8,3,0.262,1.098,1.291,0
1876477,7,3,2,9,10,0.366,0.971,0.174,0
949591,5,2,4,9,0,0.676,1.315,0.457,1
4917458,4,3,3,6,7,0.875,0.284,1.018,1
8865469,1,7,7,1,9,0.082,1.285,1.428,0
6656167,1,2,5,8,2,0.488,0.369,1.063,1
6341311,1,3,9,9,7,0.361,0.647,0.283,1
1593860,1,5,6,3,4,0.267,1.236,0.625,1
6639595,3,4,2,1,6,0.873,-0.268,0.812,1
3663031,3,3,2,8,2,0.873,0.282,0.201,1
5474554,8,6,7,2,12,0.456,1.392,0.485,0
9921222,5,2,1,5,8,0.572,1.088,1.18,0
8110588,5,6,5,4,4,0.717,1.142,0.073,0
6020071,6,3,5,1,6,0.898,-0.099,0.417,1
4659580,2,1,2,7,11,0.611,1.416,0.921,0
104609,9,6,8,8,11,0.228,0.747,1.76,1
604065,6,9,9,5,6,0.391,0.561,1.531,1
7326985,5,5,7,6,3,0.056,1.013,1.283,0
4382953,1,6,1,9,14,0.895,0.113,0.578,0
3183870,2,7,3,1,8,0.6,0.924,1.301,1
1688047,7,1,8,2,3,0.801,1.301,1.43,1
3708449,1,1,1,5,14,0.844,1.417,1.392,1
5229584,4,1,5,7,8,0.48,0.057,1.868,1
3447193,5,3,1,2,12,0.622,1.467,0.875,1
4441061,4,7,9,7,5,0.941,0.168,0.877,1
1813474,4,6,9,2,9,0.412,-0.16,0.692,1
729832,4,9,1,4,13,0.605,0.726,0.127,1
622523,5,6,1,9,1,0.348,0.799,0.645,1
