username,email,password,joined
smith,,Ui2arQqQ!bMBB_Q,
varun,varun@gmail.com,US9F3P@R-fMt:gwc,
,,,
,,,
,,,
,,,
,,,
,,,
,,,
,,,
,,,
,,,
,,,
Dev,dev347@gmail.com,cu53gf:n&e_iFtum,
,,,
,,,
jon,jon12365@gmail.com,5445325be60f5804ac14e9484889a2f8720e61df6b56e61ad03210fcb89b61a9,
a,123456,123456,
jonsno,jons6784@gmailcom,3Ay-KPV@MxCd4fKs,
devid,devid2564@gmail.com,c2b4f8035ac33d9aecaab8575ac4fd48ef3e7dd77ce84a0af96aa13f3c979253,
varunn,varunh45@gmail.com,64dc067edbaead8cbb33cafb089202af21cda28da42c9913c91f86e15cc4ef0f,
,,e3b0c44298fc1c149afbf4c8996fb92427ae41e4649b934ca495991b7852b855,
Devi,devt347@gmail.com,483b8303cbcfc7067e4a0bbb894e0afa5668cd4bea2cddce51d4ded3c4e3d39c,
Jon,jon278@yoyo.com,a5746420f8a0ec214cb55c5ef02ec09b9460bdcee88b4fba59f30f6ee309c422,
Daud,daud007@yoyo.com,76f3026036febdd130e409273debeb8886812660afbb40dc7efe693371ea9135,2026-04-03
chery,chery33@hoho.com,23b94c6fb5666db92a002614ccfc2e294deba9b2570b1fbde323b256c2db513f,
